Type,IsSender,CreateTime,StrTime
1,0,1704936325,2024/1/10 17:25
1,1,1704940123,2024/1/10 18:28
1,0,1704948152,2024/1/10 20:42
1,0,1706831606,2024/2/1 15:53
47,0,1706831609,2024/2/1 15:53
1,0,1706831680,2024/2/1 15:54
49,1,1706892201,2024/2/2 8:43
1,1,1706892208,2024/2/2 8:43
49,1,1706892242,2024/2/2 8:44
1,0,1706892923,2024/2/2 8:55
1,0,1706892972,2024/2/2 8:56
1,1,1706893091,2024/2/2 8:58
1,0,1706893428,2024/2/2 9:03
1,1,1706893468,2024/2/2 9:04
47,1,1706893497,2024/2/2 9:04
1,0,1706893503,2024/2/2 9:05
47,0,1706893518,2024/2/2 9:05
1,1,1706893526,2024/2/2 9:05
1,0,1706893582,2024/2/2 9:06
1,1,1706893613,2024/2/2 9:06
1,0,1706893872,2024/2/2 9:11
1,0,1706894013,2024/2/2 9:13
1,1,1706894066,2024/2/2 9:14
47,0,1707404225,2024/2/8 6:57
1,0,1707404233,2024/2/8 6:57
1,0,1707404301,2024/2/8 6:58
1,1,1707405412,2024/2/8 7:16
47,0,1707405677,2024/2/8 7:21
1,0,1707405692,2024/2/8 7:21
1,0,1707405734,2024/2/8 7:22
1,0,1707405763,2024/2/8 7:22
1,1,1707405888,2024/2/8 7:24
1,1,1707405895,2024/2/8 7:24
47,0,1707405927,2024/2/8 7:25
49,1,1707405932,2024/2/8 7:25
1,1,1707405939,2024/2/8 7:25
1,0,1707406007,2024/2/8 7:26
1,0,1707406058,2024/2/8 7:27
1,1,1707406095,2024/2/8 7:28
1,0,1707406097,2024/2/8 7:28
49,1,1707406136,2024/2/8 7:28
47,0,1707406223,2024/2/8 7:30
1,0,1707406253,2024/2/8 7:30
47,1,1707406325,2024/2/8 7:32
1,1,1707406387,2024/2/8 7:33
47,1,1707406406,2024/2/8 7:33
1,0,1707406802,2024/2/8 7:40
1,1,1707406968,2024/2/8 7:42
1,0,1707406989,2024/2/8 7:43
1,0,1707407030,2024/2/8 7:43
1,1,1707407048,2024/2/8 7:44
1,1,1707407057,2024/2/8 7:44
1,1,1707407061,2024/2/8 7:44
1,0,1707407067,2024/2/8 7:44
1,0,1707407080,2024/2/8 7:44
1,0,1707407094,2024/2/8 7:44
47,0,1707407106,2024/2/8 7:45
1,1,1707407111,2024/2/8 7:45
1,1,1707407139,2024/2/8 7:45
1,0,1707407177,2024/2/8 7:46
1,0,1707407217,2024/2/8 7:46
1,1,1707407237,2024/2/8 7:47
1,1,1707407245,2024/2/8 7:47
1,1,1707407251,2024/2/8 7:47
47,0,1707407352,2024/2/8 7:49
1,0,1707407385,2024/2/8 7:49
1,1,1707407409,2024/2/8 7:50
1,1,1707407422,2024/2/8 7:50
1,0,1707407425,2024/2/8 7:50
47,0,1707407429,2024/2/8 7:50
1,1,1707407444,2024/2/8 7:50
1,0,1707407471,2024/2/8 7:51
1,1,1707407582,2024/2/8 7:53
1,0,1707407593,2024/2/8 7:53
47,1,1707407607,2024/2/8 7:53
47,0,1707407676,2024/2/8 7:54
1,1,1707407688,2024/2/8 7:54
1,0,1707407810,2024/2/8 7:56
1,1,1707407814,2024/2/8 7:56
47,0,1707407817,2024/2/8 7:56
1,0,1707407961,2024/2/8 7:59
1,0,1707408014,2024/2/8 8:00
1,1,1707408024,2024/2/8 8:00
1,1,1707408033,2024/2/8 8:00
1,1,1707408397,2024/2/8 8:06
1,1,1707408413,2024/2/8 8:06
1,1,1707408415,2024/2/8 8:06
1,0,1707408538,2024/2/8 8:08
1,0,1707408549,2024/2/8 8:09
49,0,1707408612,2024/2/8 8:10
1,0,1707408643,2024/2/8 8:10
1,1,1707408681,2024/2/8 8:11
1,1,1707408685,2024/2/8 8:11
1,0,1707408781,2024/2/8 8:13
1,0,1707408823,2024/2/8 8:13
47,1,1707409028,2024/2/8 8:17
1,0,1707409083,2024/2/8 8:18
47,0,1707409085,2024/2/8 8:18
1,1,1707409098,2024/2/8 8:18
1,0,1707409151,2024/2/8 8:19
1,1,1707409177,2024/2/8 8:19
49,1,1707409182,2024/2/8 8:19
1,1,1707409187,2024/2/8 8:19
1,0,1707413896,2024/2/8 9:38
3,0,1707413937,2024/2/8 9:38
1,0,1707414001,2024/2/8 9:40
49,1,1707414094,2024/2/8 9:41
49,1,1707414121,2024/2/8 9:42
1,1,1707414133,2024/2/8 9:42
47,0,1707414291,2024/2/8 9:44
1,1,1707500107,2024/2/9 9:35
1,0,1707509955,2024/2/9 12:19
1,1,1707511126,2024/2/9 12:38
1,1,1707511141,2024/2/9 12:39
1,1,1707511158,2024/2/9 12:39
47,0,1707511352,2024/2/9 12:42
1,1,1707652724,2024/2/11 3:58
1,1,1707652730,2024/2/11 3:58
3,1,1707652786,2024/2/11 3:59
1,1,1707653711,2024/2/11 4:15
1,1,1707654143,2024/2/11 4:22
49,0,1707665839,2024/2/11 7:37
1,0,1707665871,2024/2/11 7:37
49,0,1707665937,2024/2/11 7:38
1,0,1707665998,2024/2/11 7:39
49,0,1707666073,2024/2/11 7:41
1,0,1707666124,2024/2/11 7:42
49,1,1707671117,2024/2/11 9:05
1,0,1707671270,2024/2/11 9:07
10000,0,1707671281,2024/2/11 9:08
1,0,1707671318,2024/2/11 9:08
1,0,1707671331,2024/2/11 9:08
1,0,1707671586,2024/2/11 9:13
49,1,1707671850,2024/2/11 9:17
49,1,1707671867,2024/2/11 9:17
1,0,1707671911,2024/2/11 9:18
1,0,1707671940,2024/2/11 9:19
47,0,1707671955,2024/2/11 9:19
1,1,1707671998,2024/2/11 9:19
1,1,1707672009,2024/2/11 9:20
1,1,1707672015,2024/2/11 9:20
47,0,1707672135,2024/2/11 9:22
1,1,1707672174,2024/2/11 9:22
1,1,1707681655,2024/2/11 12:00
1,0,1707688021,2024/2/11 13:47
1,0,1707688095,2024/2/11 13:48
1,0,1707688132,2024/2/11 13:48
1,0,1707688193,2024/2/11 13:49
1,0,1707688215,2024/2/11 13:50
49,1,1707690789,2024/2/11 14:33
49,1,1707690867,2024/2/11 14:34
1,1,1707690893,2024/2/11 14:34
1,1,1707690922,2024/2/11 14:35
1,1,1707691089,2024/2/11 14:38
1,0,1707691607,2024/2/11 14:46
1,0,1707691626,2024/2/11 14:47
49,0,1707691789,2024/2/11 14:49
49,1,1707691923,2024/2/11 14:52
1,0,1707692119,2024/2/11 14:55
1,0,1707692158,2024/2/11 14:55
47,1,1707692220,2024/2/11 14:57
1,0,1707692285,2024/2/11 14:58
1,1,1707692309,2024/2/11 14:58
1,1,1707692379,2024/2/11 14:59
47,0,1707692657,2024/2/11 15:04
1,0,1707692747,2024/2/11 15:05
1,1,1707692758,2024/2/11 15:05
1,1,1707692774,2024/2/11 15:06
47,1,1707692777,2024/2/11 15:06
1,1,1707692793,2024/2/11 15:06
49,1,1707692904,2024/2/11 15:08
1,0,1707692935,2024/2/11 15:08
1,0,1707692962,2024/2/11 15:09
1,1,1707693004,2024/2/11 15:10
1,0,1707693010,2024/2/11 15:10
1,1,1707693014,2024/2/11 15:10
49,1,1707693030,2024/2/11 15:10
1,0,1707693034,2024/2/11 15:10
3,0,1707693134,2024/2/11 15:12
1,0,1707693151,2024/2/11 15:12
1,1,1707693189,2024/2/11 15:13
1,1,1707693197,2024/2/11 15:13
1,0,1707693246,2024/2/11 15:14
1,1,1707693250,2024/2/11 15:14
1,1,1707693296,2024/2/11 15:14
47,0,1707693329,2024/2/11 15:15
1,1,1707693351,2024/2/11 15:15
1,1,1707693361,2024/2/11 15:16
1,0,1707693423,2024/2/11 15:17
1,1,1707693457,2024/2/11 15:17
1,1,1707693466,2024/2/11 15:17
1,1,1707693488,2024/2/11 15:18
1,0,1707693556,2024/2/11 15:19
1,1,1707693582,2024/2/11 15:19
1,1,1707693625,2024/2/11 15:20
1,1,1707693647,2024/2/11 15:20
1,0,1707693661,2024/2/11 15:21
1,0,1707693695,2024/2/11 15:21
1,1,1707693729,2024/2/11 15:22
1,1,1707693739,2024/2/11 15:22
1,0,1707693744,2024/2/11 15:22
1,0,1707693760,2024/2/11 15:22
1,1,1707693814,2024/2/11 15:23
1,1,1707693820,2024/2/11 15:23
1,0,1707693852,2024/2/11 15:24
1,0,1707693916,2024/2/11 15:25
1,1,1707693928,2024/2/11 15:25
49,1,1707693933,2024/2/11 15:25
1,1,1707789788,2024/2/12 18:03
3,1,1707789820,2024/2/12 18:03
1,1,1707789862,2024/2/12 18:04
1,0,1707790980,2024/2/12 18:23
49,0,1707791071,2024/2/12 18:24
1,0,1707791086,2024/2/12 18:24
1,0,1707791148,2024/2/12 18:25
1,0,1707791167,2024/2/12 18:26
49,0,1707791200,2024/2/12 18:26
47,1,1707791388,2024/2/12 18:29
49,1,1707791393,2024/2/12 18:29
1,1,1707791418,2024/2/12 18:30
1,1,1707791442,2024/2/12 18:30
1,0,1707791720,2024/2/12 18:35
1,0,1707791777,2024/2/12 18:36
1,1,1707791824,2024/2/12 18:37
1,1,1707791831,2024/2/12 18:37
1,0,1707791897,2024/2/12 18:38
1,1,1707791917,2024/2/12 18:38
1,0,1707791928,2024/2/12 18:38
1,1,1707791942,2024/2/12 18:39
1,1,1707791962,2024/2/12 18:39
1,1,1707791970,2024/2/12 18:39
1,1,1707792018,2024/2/12 18:40
1,0,1707792197,2024/2/12 18:43
1,1,1707792213,2024/2/12 18:43
1,0,1707792215,2024/2/12 18:43
1,1,1707792222,2024/2/12 18:43
1,0,1707792314,2024/2/12 18:45
1,1,1707792338,2024/2/12 18:45
1,1,1707792356,2024/2/12 18:45
47,0,1707792374,2024/2/12 18:46
1,1,1707792381,2024/2/12 18:46
47,1,1707792463,2024/2/12 18:47
1,1,1707792474,2024/2/12 18:47
1,1,1707792555,2024/2/12 18:49
1,0,1707792822,2024/2/12 18:53
1,0,1707792916,2024/2/12 18:55
49,0,1707792965,2024/2/12 18:56
1,1,1707792972,2024/2/12 18:56
49,1,1707792984,2024/2/12 18:56
1,0,1707793034,2024/2/12 18:57
49,1,1707793054,2024/2/12 18:57
49,1,1707793098,2024/2/12 18:58
1,0,1707793103,2024/2/12 18:58
1,1,1707793125,2024/2/12 18:58
1,0,1707793130,2024/2/12 18:58
1,1,1707793135,2024/2/12 18:58
1,1,1707793153,2024/2/12 18:59
1,1,1707793173,2024/2/12 18:59
1,0,1707793191,2024/2/12 18:59
1,1,1707793218,2024/2/12 19:00
1,0,1707793364,2024/2/12 19:02
1,1,1707796114,2024/2/12 19:48
3,1,1707796117,2024/2/12 19:48
1,1,1707796136,2024/2/12 19:48
1,0,1707801379,2024/2/12 21:16
47,0,1707801387,2024/2/12 21:16
1,0,1707879784,2024/2/13 19:03
1,1,1707880992,2024/2/13 19:23
1,1,1707881033,2024/2/13 19:23
1,1,1707881055,2024/2/13 19:24
1,1,1707881071,2024/2/13 19:24
1,1,1710174197,2024/3/11 9:23
1,1,1710174268,2024/3/11 9:24
1,1,1710174294,2024/3/11 9:24
1,0,1710174322,2024/3/11 9:25
3,1,1710174340,2024/3/11 9:25
1,0,1710174340,2024/3/11 9:25
1,1,1710174354,2024/3/11 9:25
49,0,1710174404,2024/3/11 9:26
1,0,1710174436,2024/3/11 9:27
47,1,1710174482,2024/3/11 9:28
47,0,1710174513,2024/3/11 9:28
1,1,1710174561,2024/3/11 9:29
1,1,1710187492,2024/3/11 13:04
1,1,1710187529,2024/3/11 13:05
47,1,1710187567,2024/3/11 13:06
47,0,1710188179,2024/3/11 13:16
1,0,1710188205,2024/3/11 13:16
1,0,1710188217,2024/3/11 13:16
1,1,1710188232,2024/3/11 13:17
49,1,1710188245,2024/3/11 13:17
1,0,1710188249,2024/3/11 13:17
1,1,1710188252,2024/3/11 13:17
1,1,1710188291,2024/3/11 13:18
1,1,1710188294,2024/3/11 13:18
1,1,1710188298,2024/3/11 13:18
1,1,1710188302,2024/3/11 13:18
1,1,1710188311,2024/3/11 13:18
1,1,1710188315,2024/3/11 13:18
1,0,1710188320,2024/3/11 13:18
47,1,1710188332,2024/3/11 13:18
1,0,1710188334,2024/3/11 13:18
1,1,1710188343,2024/3/11 13:19
1,0,1710188364,2024/3/11 13:19
49,1,1710188379,2024/3/11 13:19
49,1,1710188398,2024/3/11 13:19
1,0,1710188415,2024/3/11 13:20
49,1,1710188485,2024/3/11 13:21
1,0,1710188615,2024/3/11 13:23
1,1,1710188652,2024/3/11 13:24
1,0,1710188658,2024/3/11 13:24
1,1,1710188679,2024/3/11 13:24
1,1,1710188707,2024/3/11 13:25
1,1,1710188734,2024/3/11 13:25
1,0,1710188774,2024/3/11 13:26
1,0,1710188784,2024/3/11 13:26
1,1,1710188805,2024/3/11 13:26
1,1,1710188812,2024/3/11 13:26
1,0,1710188922,2024/3/11 13:28
47,0,1710188948,2024/3/11 13:29
47,1,1710188977,2024/3/11 13:29
1,0,1710193768,2024/3/11 14:49
1,1,1710193855,2024/3/11 14:50
1,0,1710194049,2024/3/11 14:54
1,0,1710194070,2024/3/11 14:54
1,1,1710194156,2024/3/11 14:55
1,0,1710194575,2024/3/11 15:02
1,1,1710195101,2024/3/11 15:11
1,0,1710195101,2024/3/11 15:11
1,1,1710195115,2024/3/11 15:11
1,0,1710195117,2024/3/11 15:11
3,0,1710210807,2024/3/11 19:33
3,0,1710221457,2024/3/11 22:30
3,0,1710221459,2024/3/11 22:30
3,0,1710221460,2024/3/11 22:31
3,0,1710221461,2024/3/11 22:31
3,0,1710221463,2024/3/11 22:31
1,0,1710227726,2024/3/12 0:15
1,0,1710227731,2024/3/12 0:15
1,0,1710227744,2024/3/12 0:15
1,0,1710227752,2024/3/12 0:15
1,1,1710227759,2024/3/12 0:15
1,0,1710227759,2024/3/12 0:15
49,1,1710227770,2024/3/12 0:16
1,1,1710227782,2024/3/12 0:16
47,0,1710228098,2024/3/12 0:21
1,1,1710247268,2024/3/12 5:41
1,0,1710255720,2024/3/12 8:02
1,0,1710255726,2024/3/12 8:02
1,1,1710259122,2024/3/12 8:58
1,1,1710259189,2024/3/12 8:59
1,1,1713192657,2024/4/15 7:50
1,0,1713193059,2024/4/15 7:57
1,0,1713193072,2024/4/15 7:57
1,0,1713193105,2024/4/15 7:58
3,0,1713193119,2024/4/15 7:58
1,0,1713193126,2024/4/15 7:58
1,1,1713193184,2024/4/15 7:59
1,1,1713193188,2024/4/15 7:59
1,0,1713193239,2024/4/15 8:00
1,1,1713193246,2024/4/15 8:00
1,1,1713193258,2024/4/15 8:00
1,1,1713193261,2024/4/15 8:01
1,1,1713195365,2024/4/15 8:36
49,1,1713202970,2024/4/15 10:42
1,1,1713206394,2024/4/15 11:39
47,1,1713206398,2024/4/15 11:39
1,0,1713208125,2024/4/15 12:08
1,0,1713208137,2024/4/15 12:08
47,0,1713208146,2024/4/15 12:09
1,0,1713208174,2024/4/15 12:09
47,1,1713208193,2024/4/15 12:09
1,0,1713208274,2024/4/15 12:11
1,1,1713208600,2024/4/15 12:16
1,1,1713208611,2024/4/15 12:16
1,0,1713215123,2024/4/15 14:05
1,1,1713215160,2024/4/15 14:06
1,0,1713215630,2024/4/15 14:13
1,1,1713215637,2024/4/15 14:13
1,0,1713239183,2024/4/15 20:46
1,1,1713239199,2024/4/15 20:46
47,0,1713239331,2024/4/15 20:48
1,1,1713239532,2024/4/15 20:52
47,0,1713239769,2024/4/15 20:56
1,0,1713239790,2024/4/15 20:56
1,0,1713241743,2024/4/15 21:29
1,1,1713241986,2024/4/15 21:33
1,0,1713242050,2024/4/15 21:34
1,1,1719264084,2024/6/24 14:21
1,1,1719264086,2024/6/24 14:21
1,0,1719264117,2024/6/24 14:21
3,1,1719264710,2024/6/24 14:31
1,1,1719264712,2024/6/24 14:31
3,1,1719264717,2024/6/24 14:31
1,1,1719264728,2024/6/24 14:32
47,1,1719264739,2024/6/24 14:32
47,0,1719264751,2024/6/24 14:32
1,0,1719264772,2024/6/24 14:32
1,1,1719264774,2024/6/24 14:32
1,0,1719264783,2024/6/24 14:33
3,1,1719264784,2024/6/24 14:33
1,1,1719264790,2024/6/24 14:33
49,0,1719264811,2024/6/24 14:33
1,0,1719264830,2024/6/24 14:33
1,1,1719264856,2024/6/24 14:34
3,0,1719264916,2024/6/24 14:35
1,0,1719264951,2024/6/24 14:35
47,1,1719264958,2024/6/24 14:35
49,0,1719264967,2024/6/24 14:36
1,0,1719264977,2024/6/24 14:36
1,1,1719264978,2024/6/24 14:36
1,1,1719264992,2024/6/24 14:36
1,1,1719264998,2024/6/24 14:36
49,0,1719265018,2024/6/24 14:36
1,0,1719265022,2024/6/24 14:37
1,1,1719265031,2024/6/24 14:37
3,1,1719265111,2024/6/24 14:38
1,1,1719265117,2024/6/24 14:38
1,0,1719265280,2024/6/24 14:41
1,0,1719265301,2024/6/24 14:41
1,0,1719265324,2024/6/24 14:42
1,1,1719265379,2024/6/24 14:42
1,1,1719265391,2024/6/24 14:43
3,0,1719344623,2024/6/25 12:43
3,1,1719388088,2024/6/26 0:48
3,1,1719388089,2024/6/26 0:48
1,1,1719388110,2024/6/26 0:48
47,0,1719388333,2024/6/26 0:52
1,0,1719388339,2024/6/26 0:52
47,0,1719759071,2024/6/30 7:51
1,0,1719759076,2024/6/30 7:51
1,0,1719759082,2024/6/30 7:51
3,1,1719809391,2024/6/30 21:49
1,1,1719809634,2024/6/30 21:53
1,1,1725546574,2024/9/5 7:29
1,1,1725546660,2024/9/5 7:31
47,1,1725546667,2024/9/5 7:31
47,0,1725546680,2024/9/5 7:31
1,0,1725546721,2024/9/5 7:32
47,1,1725546746,2024/9/5 7:32
1,1,1725546781,2024/9/5 7:33
1,1,1725546930,2024/9/5 7:35
1,0,1725546930,2024/9/5 7:35
1,1,1725546954,2024/9/5 7:35
1,0,1725546970,2024/9/5 7:36
1,1,1725547026,2024/9/5 7:37
1,1,1725547029,2024/9/5 7:37
1,1,1725547039,2024/9/5 7:37
1,1,1725547061,2024/9/5 7:37
1,0,1725547089,2024/9/5 7:38
1,0,1725547112,2024/9/5 7:38
1,1,1725547115,2024/9/5 7:38
1,1,1725547275,2024/9/5 7:41
1,1,1725547281,2024/9/5 7:41
1,0,1725547307,2024/9/5 7:41
1,1,1725547315,2024/9/5 7:41
1,0,1739263785,2025/2/11 0:49
3,0,1739996738,2025/2/19 12:25
1,0,1739996744,2025/2/19 12:25
1,0,1739996771,2025/2/19 12:26
1,1,1739996821,2025/2/19 12:27
1,1,1739996824,2025/2/19 12:27
1,1,1739996853,2025/2/19 12:27
1,0,1739996862,2025/2/19 12:27
1,0,1740004165,2025/2/19 14:29
1,0,1740004173,2025/2/19 14:29
1,1,1740004281,2025/2/19 14:31
1,1,1740004292,2025/2/19 14:31
1,0,1740004323,2025/2/19 14:32
1,1,1740004625,2025/2/19 14:37
1,1,1740008084,2025/2/19 15:34
1,1,1740008112,2025/2/19 15:35
1,0,1740008131,2025/2/19 15:35
1,0,1740008160,2025/2/19 15:36
1,1,1740008290,2025/2/19 15:38
1,0,1740009313,2025/2/19 15:55
1,0,1740009630,2025/2/19 16:00
1,1,1740022702,2025/2/19 19:38
1,1,1740022708,2025/2/19 19:38
47,0,1740025211,2025/2/19 20:20
1,0,1740025272,2025/2/19 20:21
1,1,1740025295,2025/2/19 20:21
1,0,1740025317,2025/2/19 20:21
1,0,1740025328,2025/2/19 20:22
1,1,1740025473,2025/2/19 20:24
1,1,1740025481,2025/2/19 20:24
1,1,1740029679,2025/2/19 21:34
1,0,1740029793,2025/2/19 21:36
1,0,1740029933,2025/2/19 21:38
1,1,1740029943,2025/2/19 21:39
1,0,1740030184,2025/2/19 21:43
1,0,1740030196,2025/2/19 21:43
1,1,1740030212,2025/2/19 21:43
1,1,1740069373,2025/2/20 8:36
1,1,1740069472,2025/2/20 8:37
1,1,1740069602,2025/2/20 8:40
1,0,1740069866,2025/2/20 8:44
1,1,1740069873,2025/2/20 8:44
1,1,1740069884,2025/2/20 8:44
1,0,1740069900,2025/2/20 8:45
1,0,1740069904,2025/2/20 8:45
1,0,1740069915,2025/2/20 8:45
1,1,1740069919,2025/2/20 8:45
1,0,1740069934,2025/2/20 8:45
1,1,1740069971,2025/2/20 8:46
1,1,1740069995,2025/2/20 8:46
1,1,1740070009,2025/2/20 8:46
1,1,1740070037,2025/2/20 8:47
1,0,1740070092,2025/2/20 8:48
1,0,1740070107,2025/2/20 8:48
1,0,1740070119,2025/2/20 8:48
1,1,1740070124,2025/2/20 8:48
1,1,1740070127,2025/2/20 8:48
1,1,1740070142,2025/2/20 8:49
1,0,1740070152,2025/2/20 8:49
1,1,1740070164,2025/2/20 8:49
1,0,1740070173,2025/2/20 8:49
1,0,1740070180,2025/2/20 8:49
1,0,1740070182,2025/2/20 8:49
1,1,1740070198,2025/2/20 8:49
47,0,1740070254,2025/2/20 8:50
1,0,1740070981,2025/2/20 9:03
1,1,1740071074,2025/2/20 9:04
1,1,1740072006,2025/2/20 9:20
1,0,1740072213,2025/2/20 9:23
49,0,1740072256,2025/2/20 9:24
47,0,1740072266,2025/2/20 9:24
47,0,1740073447,2025/2/20 9:44
1,1,1740073546,2025/2/20 9:45
1,0,1740073603,2025/2/20 9:46
1,1,1740073612,2025/2/20 9:46
1,0,1740073633,2025/2/20 9:47
1,0,1740073644,2025/2/20 9:47
1,0,1740082458,2025/2/20 12:14
3,0,1740082458,2025/2/20 12:14
1,0,1740082476,2025/2/20 12:14
1,1,1740082478,2025/2/20 12:14
1,1,1740082480,2025/2/20 12:14
1,1,1740082508,2025/2/20 12:15
1,0,1740082530,2025/2/20 12:15
1,0,1740082532,2025/2/20 12:15
1,1,1740082535,2025/2/20 12:15
1,0,1740082543,2025/2/20 12:15
1,1,1740082543,2025/2/20 12:15
1,0,1740082563,2025/2/20 12:16
1,1,1740082570,2025/2/20 12:16
1,1,1740087012,2025/2/20 13:30
47,0,1740087044,2025/2/20 13:30
1,1,1740087531,2025/2/20 13:38
1,1,1740087539,2025/2/20 13:38
1,0,1740087842,2025/2/20 13:44
1,0,1740087944,2025/2/20 13:45
3,0,1740087952,2025/2/20 13:45
3,0,1740087954,2025/2/20 13:45
1,0,1740087961,2025/2/20 13:46
1,1,1740088278,2025/2/20 13:51
1,1,1740088279,2025/2/20 13:51
1,0,1740091605,2025/2/20 14:46
1,0,1740091612,2025/2/20 14:46
1,1,1740092371,2025/2/20 14:59
1,0,1740092425,2025/2/20 15:00
1,0,1740092434,2025/2/20 15:00
1,1,1740092440,2025/2/20 15:00
1,0,1740093970,2025/2/20 15:26
1,0,1740093985,2025/2/20 15:26
1,1,1740094061,2025/2/20 15:27
1,0,1740094661,2025/2/20 15:37
1,1,1740094673,2025/2/20 15:37
1,1,1740094687,2025/2/20 15:38
1,1,1740107973,2025/2/20 19:19
1,1,1740107979,2025/2/20 19:19
1,1,1740107999,2025/2/20 19:19
1,1,1740108011,2025/2/20 19:20
47,0,1740108031,2025/2/20 19:20
1,0,1740108035,2025/2/20 19:20
49,1,1740108036,2025/2/20 19:20
1,1,1740108043,2025/2/20 19:20
1,0,1740108063,2025/2/20 19:21
1,0,1740108080,2025/2/20 19:21
1,1,1740108133,2025/2/20 19:22
1,1,1740108154,2025/2/20 19:22
1,1,1740108220,2025/2/20 19:23
1,1,1740108242,2025/2/20 19:24
47,0,1740108373,2025/2/20 19:26
1,0,1740108392,2025/2/20 19:26
1,1,1740108426,2025/2/20 19:27
1,0,1740108458,2025/2/20 19:27
1,0,1740108462,2025/2/20 19:27
1,0,1740115422,2025/2/20 21:23
1,1,1740115444,2025/2/20 21:24
1,1,1740115456,2025/2/20 21:24
1,0,1740115570,2025/2/20 21:26
1,0,1740115995,2025/2/20 21:33
1,1,1740116027,2025/2/20 21:33
49,1,1740118492,2025/2/20 22:14
1,1,1740168093,2025/2/21 12:01
1,1,1740168098,2025/2/21 12:01
1,0,1740168112,2025/2/21 12:01
1,0,1740168129,2025/2/21 12:02
1,1,1740168135,2025/2/21 12:02
1,1,1740168139,2025/2/21 12:02
1,0,1740168146,2025/2/21 12:02
1,1,1740168150,2025/2/21 12:02
47,1,1740168154,2025/2/21 12:02
1,0,1740168163,2025/2/21 12:02
1,1,1740168187,2025/2/21 12:03
1,1,1740168212,2025/2/21 12:03
1,0,1740168229,2025/2/21 12:03
1,0,1740168241,2025/2/21 12:04
1,1,1740168247,2025/2/21 12:04
1,1,1740168265,2025/2/21 12:04
47,0,1740168278,2025/2/21 12:04
1,0,1740168295,2025/2/21 12:04
1,1,1740168377,2025/2/21 12:06
47,0,1740168390,2025/2/21 12:06
1,0,1740172265,2025/2/21 13:11
1,0,1740172270,2025/2/21 13:11
47,0,1740173002,2025/2/21 13:23
1,1,1740173803,2025/2/21 13:36
1,1,1740173811,2025/2/21 13:36
47,1,1740173899,2025/2/21 13:38
1,0,1740174257,2025/2/21 13:44
1,0,1740174270,2025/2/21 13:44
1,1,1740174390,2025/2/21 13:46
1,1,1740174394,2025/2/21 13:46
1,0,1740175135,2025/2/21 13:58
1,0,1740175206,2025/2/21 14:00
1,1,1740175233,2025/2/21 14:00
1,1,1740175242,2025/2/21 14:00
1,0,1740175547,2025/2/21 14:05
1,1,1740194810,2025/2/21 19:26
47,1,1740194847,2025/2/21 19:27
1,0,1740196825,2025/2/21 20:00
47,0,1740200404,2025/2/21 21:00
47,1,1740200431,2025/2/21 21:00
1,1,1740200436,2025/2/21 21:00
1,0,1740200480,2025/2/21 21:01
1,1,1740203272,2025/2/21 21:47
1,0,1740203375,2025/2/21 21:49
1,0,1740203805,2025/2/21 21:56
1,1,1740203888,2025/2/21 21:58
1,0,1740204560,2025/2/21 22:09
47,0,1740204563,2025/2/21 22:09
1,1,1740204699,2025/2/21 22:11
1,0,1740277457,2025/2/22 18:24
3,0,1740277463,2025/2/22 18:24
3,0,1740277495,2025/2/22 18:24
1,0,1740277831,2025/2/22 18:30
49,1,1740277853,2025/2/22 18:30
49,1,1740277856,2025/2/22 18:30
47,0,1740279632,2025/2/22 19:00
1,0,1740279640,2025/2/22 19:00
1,1,1740279654,2025/2/22 19:00
3,0,1740280482,2025/2/22 19:14
49,1,1744268838,2025/4/10 0:07
1,0,1744321632,2025/4/10 14:47
1,0,1744321635,2025/4/10 14:47
1,1,1744321644,2025/4/10 14:47
1,0,1744321653,2025/4/10 14:47
47,1,1744321672,2025/4/10 14:47
1,1,1744321691,2025/4/10 14:48
1,1,1744321695,2025/4/10 14:48
47,0,1744322725,2025/4/10 15:05
1,0,1744344429,2025/4/10 21:07
3,0,1744401007,2025/4/11 12:50
3,0,1744401022,2025/4/11 12:50
3,0,1744401047,2025/4/11 12:50
3,0,1744401071,2025/4/11 12:51
3,0,1744403205,2025/4/11 13:26
3,0,1744403220,2025/4/11 13:27
3,0,1744403229,2025/4/11 13:27
3,0,1744403237,2025/4/11 13:27
3,0,1744403252,2025/4/11 13:27
1,1,1744430079,2025/4/11 20:54
49,1,1744484021,2025/4/12 11:53
49,1,1744484671,2025/4/12 12:04
49,1,1744484887,2025/4/12 12:08
49,1,1744485321,2025/4/12 12:15
49,1,1744485559,2025/4/12 12:19
49,1,1744485641,2025/4/12 12:20
49,1,1744486912,2025/4/12 12:41
49,1,1744487338,2025/4/12 12:48
1,0,1744598084,2025/4/13 19:34
1,0,1744598092,2025/4/13 19:34
3,0,1744608980,2025/4/13 22:36
47,0,1744661012,2025/4/14 13:03
1,1,1744661024,2025/4/14 13:03
1,0,1744661025,2025/4/14 13:03
47,0,1744661028,2025/4/14 13:03
47,1,1744661035,2025/4/14 13:03
3,0,1744661041,2025/4/14 13:04
1,1,1744661049,2025/4/14 13:04
1,1,1744661053,2025/4/14 13:04
1,0,1744661382,2025/4/14 13:09
1,0,1744661384,2025/4/14 13:09
1,1,1744661406,2025/4/14 13:10
1,1,1744661536,2025/4/14 13:12
1,1,1744661540,2025/4/14 13:12
1,1,1744661762,2025/4/14 13:16
1,0,1744661843,2025/4/14 13:17
1,0,1744661846,2025/4/14 13:17
49,1,1744667320,2025/4/14 14:48
3,0,1744670862,2025/4/14 15:47
3,0,1744670877,2025/4/14 15:47
1,1,1744684278,2025/4/14 19:31
1,1,1744684638,2025/4/14 19:37
1,1,1744684666,2025/4/14 19:37
47,1,1744692652,2025/4/14 21:50
47,1,1744692653,2025/4/14 21:50
47,1,1744692653,2025/4/14 21:50
47,1,1744692654,2025/4/14 21:50
47,1,1744692656,2025/4/14 21:50
1,1,1744692661,2025/4/14 21:51
1,1,1744692671,2025/4/14 21:51
1,1,1744692684,2025/4/14 21:51
1,1,1744692694,2025/4/14 21:51
1,1,1744692700,2025/4/14 21:51
1,1,1744692707,2025/4/14 21:51
1,1,1744692723,2025/4/14 21:52
50,1,1744693031,2025/4/14 21:57
1,0,1744693301,2025/4/14 22:01
1,0,1744693307,2025/4/14 22:01
1,0,1744693310,2025/4/14 22:01
47,0,1744693316,2025/4/14 22:01
1,1,1744742262,2025/4/15 11:37
1,1,1744742272,2025/4/15 11:37
1,1,1744742493,2025/4/15 11:41
1,1,1744742508,2025/4/15 11:41
1,0,1744742639,2025/4/15 11:43
1,0,1744742650,2025/4/15 11:44
1,0,1744742656,2025/4/15 11:44
1,0,1744742662,2025/4/15 11:44
49,1,1744742812,2025/4/15 11:46
1,1,1744742831,2025/4/15 11:47
3,1,1744742842,2025/4/15 11:47
1,1,1744742866,2025/4/15 11:47
1,0,1744743562,2025/4/15 11:59
47,0,1744743572,2025/4/15 11:59
1,1,1744743817,2025/4/15 12:03
3,1,1744743825,2025/4/15 12:03
1,1,1744743831,2025/4/15 12:03
1,0,1744743836,2025/4/15 12:03
1,0,1744743842,2025/4/15 12:04
1,1,1744743846,2025/4/15 12:04
3,1,1744743855,2025/4/15 12:04
1,0,1744743870,2025/4/15 12:04
1,1,1744743878,2025/4/15 12:04
1,0,1744743885,2025/4/15 12:04
1,0,1744743890,2025/4/15 12:04
1,1,1744743973,2025/4/15 12:06
1,1,1744743974,2025/4/15 12:06
1,1,1744743978,2025/4/15 12:06
47,0,1744744397,2025/4/15 12:13
1,1,1744746614,2025/4/15 12:50
1,1,1744747676,2025/4/15 13:07
1,0,1744747706,2025/4/15 13:08
1,0,1744747708,2025/4/15 13:08
1,0,1744747715,2025/4/15 13:08
1,1,1744747735,2025/4/15 13:08
3,1,1744747744,2025/4/15 13:09
1,0,1744747746,2025/4/15 13:09
1,0,1744747756,2025/4/15 13:09
1,1,1744747759,2025/4/15 13:09
47,1,1744747780,2025/4/15 13:09
1,1,1744747809,2025/4/15 13:10
3,1,1744747821,2025/4/15 13:10
1,0,1744747893,2025/4/15 13:11
1,1,1744747909,2025/4/15 13:11
1,0,1744747924,2025/4/15 13:12
1,0,1744748012,2025/4/15 13:13
1,0,1744748022,2025/4/15 13:13
1,0,1744750433,2025/4/15 13:53
1,1,1744751599,2025/4/15 14:13
1,1,1744751613,2025/4/15 14:13
1,1,1744751621,2025/4/15 14:13
1,1,1744751662,2025/4/15 14:14
47,1,1744751665,2025/4/15 14:14
1,1,1744751733,2025/4/15 14:15
49,1,1744751784,2025/4/15 14:16
1,0,1744751982,2025/4/15 14:19
1,0,1744751996,2025/4/15 14:19
1,1,1744752004,2025/4/15 14:20
1,1,1744752026,2025/4/15 14:20
1,0,1744752047,2025/4/15 14:20
1,1,1744752067,2025/4/15 14:21
1,1,1744752087,2025/4/15 14:21
1,0,1744752090,2025/4/15 14:21
1,1,1744752169,2025/4/15 14:22
47,0,1744752249,2025/4/15 14:24
47,1,1744752270,2025/4/15 14:24
1,1,1744752364,2025/4/15 14:26
1,0,1744752469,2025/4/15 14:27
1,0,1744752483,2025/4/15 14:28
49,1,1744752496,2025/4/15 14:28
1,0,1744757468,2025/4/15 15:51
3,0,1744778242,2025/4/15 21:37
1,0,1744778246,2025/4/15 21:37
47,0,1744778249,2025/4/15 21:37
1,1,1744778277,2025/4/15 21:37
47,1,1744778280,2025/4/15 21:38
1,0,1744778281,2025/4/15 21:38
1,0,1744778290,2025/4/15 21:38
1,0,1744778296,2025/4/15 21:38
3,1,1744778348,2025/4/15 21:39
1,1,1744778358,2025/4/15 21:39
1,0,1744778358,2025/4/15 21:39
1,1,1744778368,2025/4/15 21:39
1,1,1744778391,2025/4/15 21:39
1,0,1744778392,2025/4/15 21:39
1,1,1744778399,2025/4/15 21:39
1,1,1744778406,2025/4/15 21:40
1,0,1744778499,2025/4/15 21:41
1,1,1744778513,2025/4/15 21:41
47,0,1744778629,2025/4/15 21:43
1,0,1744778641,2025/4/15 21:44
1,0,1744778643,2025/4/15 21:44
1,0,1744778659,2025/4/15 21:44
1,1,1744778723,2025/4/15 21:45
47,1,1744778772,2025/4/15 21:46
1,1,1744816308,2025/4/16 8:11
1,0,1744816503,2025/4/16 8:15
1,0,1744816511,2025/4/16 8:15
1,1,1744816540,2025/4/16 8:15
1,1,1744816551,2025/4/16 8:15
1,1,1744816554,2025/4/16 8:15
50,0,1744872110,2025/4/16 23:41
1,1,1744917224,2025/4/17 12:13
1,0,1744917343,2025/4/17 12:15
1,1,1744918455,2025/4/17 12:34
1,1,1744918474,2025/4/17 12:34
47,1,1744918481,2025/4/17 12:34
1,0,1744918852,2025/4/17 12:40
49,0,1744918862,2025/4/17 12:41
47,1,1744920282,2025/4/17 13:04
1,1,1744920294,2025/4/17 13:04
47,1,1744925632,2025/4/17 14:33
1,0,1744925824,2025/4/17 14:37
1,1,1744927928,2025/4/17 15:12
1,0,1744927945,2025/4/17 15:12
1,0,1744927957,2025/4/17 15:12
1,1,1744927959,2025/4/17 15:12
1,0,1744928006,2025/4/17 15:13
47,1,1744928190,2025/4/17 15:16
1,1,1744928194,2025/4/17 15:16
1,0,1744929667,2025/4/17 15:41
1,0,1744929728,2025/4/17 15:42
1,0,1744929740,2025/4/17 15:42
1,1,1744930427,2025/4/17 15:53
1,1,1744944170,2025/4/17 19:42
1,1,1744944482,2025/4/17 19:48
47,0,1744944565,2025/4/17 19:49
1,0,1744944608,2025/4/17 19:50
1,1,1744947135,2025/4/17 20:32
3,1,1744947144,2025/4/17 20:32
1,0,1744947183,2025/4/17 20:33
1,0,1744947191,2025/4/17 20:33
1,1,1744947314,2025/4/17 20:35
1,1,1744947318,2025/4/17 20:35
1,0,1744947356,2025/4/17 20:35
50,0,1744947402,2025/4/17 20:36
50,1,1744947517,2025/4/17 20:38
1,1,1744947675,2025/4/17 20:41
1,1,1744947688,2025/4/17 20:41
47,0,1744947691,2025/4/17 20:41
1,1,1744947695,2025/4/17 20:41
3,1,1744952602,2025/4/17 22:03
1,1,1744952606,2025/4/17 22:03
1,0,1744952629,2025/4/17 22:03
1,0,1744952648,2025/4/17 22:04
3,1,1744953259,2025/4/17 22:14
1,1,1744953265,2025/4/17 22:14
1,1,1744953325,2025/4/17 22:15
1,1,1744999928,2025/4/18 11:12
1,0,1744999990,2025/4/18 11:13
1,0,1745000000,2025/4/18 11:13
1,0,1745000010,2025/4/18 11:13
1,1,1745000118,2025/4/18 11:15
47,0,1745000274,2025/4/18 11:17
1,0,1745000286,2025/4/18 11:18
1,1,1745000436,2025/4/18 11:20
1,0,1745000594,2025/4/18 11:23
1,0,1745000606,2025/4/18 11:23
1,1,1745000607,2025/4/18 11:23
1,1,1745000642,2025/4/18 11:24
1,1,1745000645,2025/4/18 11:24
47,0,1745000702,2025/4/18 11:25
1,0,1745000733,2025/4/18 11:25
1,1,1745000737,2025/4/18 11:25
1,0,1745000737,2025/4/18 11:25
1,1,1745000766,2025/4/18 11:26
1,0,1745000960,2025/4/18 11:29
1,0,1745000964,2025/4/18 11:29
1,0,1745000976,2025/4/18 11:29
47,0,1745000979,2025/4/18 11:29
1,1,1745001031,2025/4/18 11:30
1,1,1745001037,2025/4/18 11:30
50,1,1745001127,2025/4/18 11:32
1,1,1745001137,2025/4/18 11:32
50,0,1745001139,2025/4/18 11:32
1,0,1745001612,2025/4/18 11:40
1,1,1745028113,2025/4/18 19:01
1,1,1745032919,2025/4/18 20:21
47,1,1745032923,2025/4/18 20:22
1,0,1745033644,2025/4/18 20:34
1,0,1745033662,2025/4/18 20:34
1,0,1745033673,2025/4/18 20:34
1,1,1745034027,2025/4/18 20:40
1,1,1745034036,2025/4/18 20:40
1,1,1745034046,2025/4/18 20:40
1,1,1745034055,2025/4/18 20:40
1,1,1745034063,2025/4/18 20:41
1,1,1745034090,2025/4/18 20:41
47,1,1745034094,2025/4/18 20:41
1,1,1745034110,2025/4/18 20:41
1,1,1745034123,2025/4/18 20:42
1,0,1745034325,2025/4/18 20:45
1,1,1745126220,2025/4/19 22:17
1,1,1745126227,2025/4/19 22:17
47,0,1745126403,2025/4/19 22:20
1,0,1745126416,2025/4/19 22:20
1,1,1745126517,2025/4/19 22:21
1,1,1745126524,2025/4/19 22:22
1,1,1745126532,2025/4/19 22:22
1,1,1745126545,2025/4/19 22:22
1,0,1745126566,2025/4/19 22:22
47,0,1745126578,2025/4/19 22:22
47,0,1745126673,2025/4/19 22:24
47,0,1745126679,2025/4/19 22:24
1,1,1745126689,2025/4/19 22:24
1,0,1745175242,2025/4/20 11:54
1,1,1745208789,2025/4/20 21:13
1,1,1745208928,2025/4/20 21:15
47,0,1745209632,2025/4/20 21:27
1,1,1745268606,2025/4/21 13:50
1,1,1745268608,2025/4/21 13:50
1,0,1745268621,2025/4/21 13:50
1,0,1745268625,2025/4/21 13:50
1,1,1745268724,2025/4/21 13:52
1,1,1745268730,2025/4/21 13:52
47,0,1745268755,2025/4/21 13:52
1,0,1745268765,2025/4/21 13:52
1,1,1745268775,2025/4/21 13:52
1,0,1745268775,2025/4/21 13:52
1,1,1745268779,2025/4/21 13:52
1,0,1745268781,2025/4/21 13:53
1,1,1745268885,2025/4/21 13:54
1,0,1745268900,2025/4/21 13:55
1,1,1745268904,2025/4/21 13:55
1,1,1745268909,2025/4/21 13:55
1,0,1745268910,2025/4/21 13:55
1,1,1745268990,2025/4/21 13:56
1,0,1745269268,2025/4/21 14:01
1,1,1745279166,2025/4/21 16:46
47,1,1745279927,2025/4/21 16:58
1,1,1745280270,2025/4/21 17:04
1,0,1745280409,2025/4/21 17:06
1,0,1745280425,2025/4/21 17:07
1,0,1745280431,2025/4/21 17:07
1,1,1745280591,2025/4/21 17:09
1,1,1745280678,2025/4/21 17:11
1,0,1745280690,2025/4/21 17:11
1,1,1745280698,2025/4/21 17:11
3,1,1745293950,2025/4/21 20:52
1,1,1745293952,2025/4/21 20:52
47,1,1745293956,2025/4/21 20:52
1,1,1745338588,2025/4/22 9:16
47,1,1745338711,2025/4/22 9:18
47,0,1745340768,2025/4/22 9:52
1,0,1745340780,2025/4/22 9:53
47,0,1745340783,2025/4/22 9:53
1,1,1745340829,2025/4/22 9:53
1,1,1745340840,2025/4/22 9:54
47,1,1745344515,2025/4/22 10:55
47,0,1745345224,2025/4/22 11:07
1,1,1745345783,2025/4/22 11:16
47,1,1745348782,2025/4/22 12:06
1,1,1745349997,2025/4/22 12:26
1,1,1745350651,2025/4/22 12:37
50,1,1745357580,2025/4/22 14:33
50,1,1745357760,2025/4/22 14:36
47,1,1745360661,2025/4/22 15:24
1,1,1745379294,2025/4/22 20:34
1,0,1745379321,2025/4/22 20:35
1,0,1745379325,2025/4/22 20:35
1,0,1745379331,2025/4/22 20:35
47,0,1745379343,2025/4/22 20:35
1,0,1745379376,2025/4/22 20:36
47,1,1745379430,2025/4/22 20:37
1,1,1745379444,2025/4/22 20:37
1,0,1745379754,2025/4/22 20:42
1,1,1745382188,2025/4/22 21:23
1,0,1745382418,2025/4/22 21:26
47,0,1745382426,2025/4/22 21:27
1,0,1745382433,2025/4/22 21:27
1,1,1745382655,2025/4/22 21:30
1,1,1745382674,2025/4/22 21:31
1,0,1745382722,2025/4/22 21:32
1,1,1745428065,2025/4/23 10:07
1,1,1745428074,2025/4/23 10:07
47,1,1745428080,2025/4/23 10:08
47,0,1745428092,2025/4/23 10:08
47,1,1745428123,2025/4/23 10:08
1,1,1745428134,2025/4/23 10:08
1,0,1745428146,2025/4/23 10:09
47,0,1745428148,2025/4/23 10:09
1,0,1745428151,2025/4/23 10:09
1,1,1745428266,2025/4/23 10:11
1,1,1745428269,2025/4/23 10:11
1,0,1745428442,2025/4/23 10:14
1,0,1745428460,2025/4/23 10:14
1,1,1745428473,2025/4/23 10:14
1,1,1745428506,2025/4/23 10:15
1,1,1745428509,2025/4/23 10:15
1,1,1745430506,2025/4/23 10:48
1,1,1745430512,2025/4/23 10:48
47,0,1745436059,2025/4/23 12:20
1,1,1745446830,2025/4/23 15:20
47,0,1745446926,2025/4/23 15:22
1,0,1745447034,2025/4/23 15:23
1,1,1745447116,2025/4/23 15:25
1,1,1745467805,2025/4/23 21:10
47,0,1745468650,2025/4/23 21:24
1,1,1745468669,2025/4/23 21:24
1,0,1745470191,2025/4/23 21:49
1,1,1745470281,2025/4/23 21:51
1,1,1745470283,2025/4/23 21:51
1,1,1745520357,2025/4/24 11:45
47,0,1745520957,2025/4/24 11:55
1,0,1745521237,2025/4/24 12:00
47,0,1745521242,2025/4/24 12:00
1,0,1745521249,2025/4/24 12:00
1,1,1745521565,2025/4/24 12:06
47,0,1745521598,2025/4/24 12:06
1,1,1745529182,2025/4/24 14:13
1,1,1745529185,2025/4/24 14:13
1,0,1745529331,2025/4/24 14:15
1,0,1745529349,2025/4/24 14:15
1,1,1745529587,2025/4/24 14:19
1,1,1745529592,2025/4/24 14:19
1,0,1745529719,2025/4/24 14:21
47,0,1745529719,2025/4/24 14:21
1,0,1745529736,2025/4/24 14:22
1,1,1745529745,2025/4/24 14:22
1,1,1745529760,2025/4/24 14:22
1,1,1745529764,2025/4/24 14:22
47,0,1745529775,2025/4/24 14:22
3,1,1745529941,2025/4/24 14:25
1,1,1745529946,2025/4/24 14:25
1,0,1745529974,2025/4/24 14:26
1,1,1745530380,2025/4/24 14:33
1,1,1745530386,2025/4/24 14:33
1,1,1745530393,2025/4/24 14:33
1,0,1745530432,2025/4/24 14:33
1,0,1745530448,2025/4/24 14:34
1,1,1745530888,2025/4/24 14:41
1,1,1745530892,2025/4/24 14:41
1,1,1745530899,2025/4/24 14:41
1,1,1745531145,2025/4/24 14:45
1,0,1745531166,2025/4/24 14:46
1,0,1745531181,2025/4/24 14:46
1,0,1745531430,2025/4/24 14:50
1,1,1745531472,2025/4/24 14:51
49,0,1745534413,2025/4/24 15:40
3,0,1745594667,2025/4/25 8:24
3,0,1745594670,2025/4/25 8:24
3,0,1745594673,2025/4/25 8:24
3,0,1745594677,2025/4/25 8:24
3,0,1745594679,2025/4/25 8:24
3,0,1745594681,2025/4/25 8:24
3,0,1745594685,2025/4/25 8:24
3,0,1745594688,2025/4/25 8:24
3,0,1745600160,2025/4/25 9:56
1,0,1745600163,2025/4/25 9:56
1,0,1745600175,2025/4/25 9:56
1,1,1745600277,2025/4/25 9:57
1,1,1745600288,2025/4/25 9:58
1,1,1745600305,2025/4/25 9:58
1,0,1745600720,2025/4/25 10:05
47,1,1746739486,2025/5/8 14:24
47,0,1746758017,2025/5/8 19:33
1,0,1746762186,2025/5/8 20:43
49,0,1746762186,2025/5/8 20:43
3,0,1746804677,2025/5/9 8:31
3,0,1746804679,2025/5/9 8:31
3,0,1746804682,2025/5/9 8:31
3,0,1746804684,2025/5/9 8:31
3,0,1746804688,2025/5/9 8:31
3,0,1746804692,2025/5/9 8:31
3,0,1746804696,2025/5/9 8:31
3,0,1746804699,2025/5/9 8:31
3,0,1746804702,2025/5/9 8:31
3,0,1746804705,2025/5/9 8:31
3,0,1746804708,2025/5/9 8:31
3,0,1746804714,2025/5/9 8:31
3,0,1746804717,2025/5/9 8:31
3,0,1746804721,2025/5/9 8:32
3,0,1746804724,2025/5/9 8:32
3,0,1746804726,2025/5/9 8:32
3,0,1746804729,2025/5/9 8:32
3,0,1746804733,2025/5/9 8:32
3,0,1746804735,2025/5/9 8:32
3,0,1746804738,2025/5/9 8:32
3,0,1746804741,2025/5/9 8:32
3,0,1746804743,2025/5/9 8:32
3,0,1746804749,2025/5/9 8:32
43,0,1746804960,2025/5/9 8:36
3,0,1746807178,2025/5/9 9:12
3,0,1746892499,2025/5/10 8:54
1,0,1746892503,2025/5/10 8:55
3,0,1746892787,2025/5/10 8:59
1,0,1746892808,2025/5/10 9:00
1,1,1746894269,2025/5/10 9:24
49,1,1746894280,2025/5/10 9:24
1,0,1746894373,2025/5/10 9:26
1,0,1746894379,2025/5/10 9:26
1,1,1746894390,2025/5/10 9:26
3,0,1746894414,2025/5/10 9:26
1,0,1746894423,2025/5/10 9:27
1,1,1746894429,2025/5/10 9:27
1,1,1746894447,2025/5/10 9:27
1,0,1746894457,2025/5/10 9:27
1,0,1746894469,2025/5/10 9:27
3,0,1746894478,2025/5/10 9:27
1,1,1746894490,2025/5/10 9:28
1,1,1746894502,2025/5/10 9:28
49,0,1746894505,2025/5/10 9:28
1,1,1746894513,2025/5/10 9:28
1,1,1746894517,2025/5/10 9:28
1,0,1746894550,2025/5/10 9:29
47,1,1746894610,2025/5/10 9:30
1,0,1746894644,2025/5/10 9:30
1,0,1746894649,2025/5/10 9:30
1,0,1746896110,2025/5/10 9:55
1,1,1746896126,2025/5/10 9:55
47,0,1746896290,2025/5/10 9:58
1,0,1746896308,2025/5/10 9:58
1,1,1746896315,2025/5/10 9:58
1,0,1746896315,2025/5/10 9:58
1,1,1746896325,2025/5/10 9:58
1,0,1746896330,2025/5/10 9:58
1,0,1746896332,2025/5/10 9:58
1,1,1746896336,2025/5/10 9:58
1,1,1746896358,2025/5/10 9:59
1,0,1746896384,2025/5/10 9:59
1,0,1746896387,2025/5/10 9:59
3,0,1746896400,2025/5/10 10:00
1,0,1746896414,2025/5/10 10:00
3,0,1746896442,2025/5/10 10:00
1,0,1746896450,2025/5/10 10:00
1,0,1746896504,2025/5/10 10:01
1,0,1746896512,2025/5/10 10:01
1,1,1746896549,2025/5/10 10:02
1,1,1746896552,2025/5/10 10:02
1,1,1746896559,2025/5/10 10:02
1,0,1746896580,2025/5/10 10:03
1,0,1746896587,2025/5/10 10:03
1,0,1746896601,2025/5/10 10:03
1,1,1746896665,2025/5/10 10:04
1,0,1746896689,2025/5/10 10:04
47,0,1746898798,2025/5/10 10:39
47,0,1746899330,2025/5/10 10:48
47,1,1746899362,2025/5/10 10:49
1,1,1746899374,2025/5/10 10:49
1,1,1746899386,2025/5/10 10:49
47,0,1746899387,2025/5/10 10:49
1,0,1746899392,2025/5/10 10:49
1,0,1746899420,2025/5/10 10:50
1,0,1746899426,2025/5/10 10:50
1,1,1746899499,2025/5/10 10:51
1,1,1746899532,2025/5/10 10:52
1,0,1746899561,2025/5/10 10:52
1,1,1746899568,2025/5/10 10:52
1,0,1746899571,2025/5/10 10:52
1,1,1746899606,2025/5/10 10:53
1,1,1746901068,2025/5/10 11:17
47,0,1746901138,2025/5/10 11:18
1,0,1746901144,2025/5/10 11:19
1,0,1746901194,2025/5/10 11:19
1,1,1746901205,2025/5/10 11:20
1,1,1746901223,2025/5/10 11:20
1,0,1746901235,2025/5/10 11:20
1,1,1746901244,2025/5/10 11:20
1,0,1746901248,2025/5/10 11:20
47,0,1746901251,2025/5/10 11:20
1,1,1746901262,2025/5/10 11:21
1,1,1746901278,2025/5/10 11:21
1,0,1746901280,2025/5/10 11:21
1,1,1746901286,2025/5/10 11:21
1,1,1746901290,2025/5/10 11:21
1,0,1746901319,2025/5/10 11:21
47,1,1746901340,2025/5/10 11:22
1,1,1746901375,2025/5/10 11:22
1,1,1746901412,2025/5/10 11:23
47,0,1746901439,2025/5/10 11:23
1,1,1746901555,2025/5/10 11:25
1,1,1746901569,2025/5/10 11:26
1,0,1746901597,2025/5/10 11:26
1,0,1746901622,2025/5/10 11:27
1,0,1746901648,2025/5/10 11:27
1,1,1746901722,2025/5/10 11:28
1,1,1746901873,2025/5/10 11:31
1,1,1746901905,2025/5/10 11:31
1,0,1746901927,2025/5/10 11:32
1,0,1746904829,2025/5/10 12:20
1,1,1746923101,2025/5/10 17:25
1,1,1746923104,2025/5/10 17:25
1,0,1746924197,2025/5/10 17:43
47,0,1746924200,2025/5/10 17:43
1,0,1746929452,2025/5/10 19:10
1,0,1746929483,2025/5/10 19:11
1,1,1746931556,2025/5/10 19:45
47,0,1746932373,2025/5/10 19:59
49,1,1746932396,2025/5/10 19:59
1,0,1746932413,2025/5/10 20:00
1,1,1746932422,2025/5/10 20:00
1,0,1746932424,2025/5/10 20:00
47,0,1746932425,2025/5/10 20:00
1,0,1746932445,2025/5/10 20:00
1,1,1746932453,2025/5/10 20:00
47,1,1746932471,2025/5/10 20:01
49,1,1746932504,2025/5/10 20:01
1,0,1746932788,2025/5/10 20:06
1,1,1746932805,2025/5/10 20:06
47,0,1746937026,2025/5/10 21:17
1,0,1746937029,2025/5/10 21:17
1,0,1746937035,2025/5/10 21:17
1,0,1746937048,2025/5/10 21:17
47,0,1746937051,2025/5/10 21:17
47,1,1746939668,2025/5/10 22:01
47,0,1746939739,2025/5/10 22:02
49,1,1747369265,2025/5/15 21:21
3,0,1747414515,2025/5/16 9:55
3,0,1747414517,2025/5/16 9:55
3,0,1747414519,2025/5/16 9:55
3,0,1747414522,2025/5/16 9:55
3,0,1747414524,2025/5/16 9:55
3,0,1747414526,2025/5/16 9:55
3,0,1747414528,2025/5/16 9:55
3,0,1747414530,2025/5/16 9:55
3,0,1747414533,2025/5/16 9:55
3,0,1747417613,2025/5/16 10:46
3,0,1747417616,2025/5/16 10:46
3,0,1747417618,2025/5/16 10:46
42,0,1747627285,2025/5/18 21:01
42,0,1747627357,2025/5/18 21:02
1,0,1747627641,2025/5/18 21:07
47,1,1747689421,2025/5/19 14:17
50,1,1748010988,2025/5/23 7:36
1,1,1748011016,2025/5/23 7:36
1,0,1748011075,2025/5/23 7:37
1,0,1748011085,2025/5/23 7:38
1,0,1748011091,2025/5/23 7:38
3,1,1748011106,2025/5/23 7:38
50,0,1748011194,2025/5/23 7:39
1,1,1748011695,2025/5/23 7:48
47,1,1748011710,2025/5/23 7:48
47,0,1748012153,2025/5/23 7:55
1,0,1748017805,2025/5/23 9:30
1,1,1748017836,2025/5/23 9:30
1,0,1748018032,2025/5/23 9:33
1,0,1748018046,2025/5/23 9:34
1,0,1748018583,2025/5/23 9:43
1,0,1748018590,2025/5/23 9:43
1,1,1748018689,2025/5/23 9:44
1,1,1748018692,2025/5/23 9:44
1,0,1748018848,2025/5/23 9:47
1,0,1748019444,2025/5/23 9:57
1,0,1748026083,2025/5/23 11:48
1,0,1748026093,2025/5/23 11:48
1,1,1748026463,2025/5/23 11:54
1,0,1748026494,2025/5/23 11:54
1,1,1748026504,2025/5/23 11:55
1,1,1748026696,2025/5/23 11:58
1,0,1748026887,2025/5/23 12:01
1,0,1748026897,2025/5/23 12:01
47,1,1748026921,2025/5/23 12:02
1,0,1748026940,2025/5/23 12:02
1,1,1748026945,2025/5/23 12:02
1,1,1748026955,2025/5/23 12:02
1,0,1748027035,2025/5/23 12:03
1,1,1748027074,2025/5/23 12:04
1,0,1748088423,2025/5/24 5:07
1,1,1748088439,2025/5/24 5:07
47,1,1748088445,2025/5/24 5:07
1,0,1748088446,2025/5/24 5:07
47,0,1748088450,2025/5/24 5:07
1,1,1748088473,2025/5/24 5:07
1,1,1748088502,2025/5/24 5:08
1,0,1748088518,2025/5/24 5:08
1,1,1748088539,2025/5/24 5:08
1,1,1748088551,2025/5/24 5:09
47,0,1748088609,2025/5/24 5:10
1,0,1748088657,2025/5/24 5:10
1,1,1748090551,2025/5/24 5:42
1,1,1748090560,2025/5/24 5:42
1,1,1748091450,2025/5/24 5:57
47,0,1748091461,2025/5/24 5:57
1,1,1748091461,2025/5/24 5:57
1,1,1748091468,2025/5/24 5:57
1,0,1748091474,2025/5/24 5:57
1,0,1748091479,2025/5/24 5:57
1,1,1748091481,2025/5/24 5:58
1,0,1748091487,2025/5/24 5:58
1,1,1748091557,2025/5/24 5:59
1,1,1748203852,2025/5/25 13:10
1,1,1748203856,2025/5/25 13:10
1,0,1748203906,2025/5/25 13:11
1,0,1748203921,2025/5/25 13:12
1,1,1748203963,2025/5/25 13:12
1,0,1748204012,2025/5/25 13:13
1,1,1748204033,2025/5/25 13:13
3,1,1748271090,2025/5/26 7:51
3,0,1748373699,2025/5/27 12:21
1,1,1748373739,2025/5/27 12:22
1,0,1748373746,2025/5/27 12:22
1,0,1748373756,2025/5/27 12:22
1,1,1748373766,2025/5/27 12:22
1,0,1748373789,2025/5/27 12:23
49,1,1748373790,2025/5/27 12:23
1,1,1748373810,2025/5/27 12:23
1,1,1748373828,2025/5/27 12:23
1,0,1748377666,2025/5/27 13:27
1,0,1748377675,2025/5/27 13:27
1,1,1748377685,2025/5/27 13:28
1,1,1748377690,2025/5/27 13:28
1,0,1748377691,2025/5/27 13:28
49,0,1748377703,2025/5/27 13:28
47,1,1748377716,2025/5/27 13:28
1,1,1748377719,2025/5/27 13:28
1,0,1748377728,2025/5/27 13:28
1,1,1748377748,2025/5/27 13:29
47,1,1748377767,2025/5/27 13:29
1,1,1748377829,2025/5/27 13:30
47,0,1748378020,2025/5/27 13:33
1,1,1748384611,2025/5/27 15:23
1,0,1748384733,2025/5/27 15:25
1,0,1748384747,2025/5/27 15:25
1,1,1748385010,2025/5/27 15:30
1,1,1748385018,2025/5/27 15:30
47,1,1748385023,2025/5/27 15:30
1,1,1748385395,2025/5/27 15:36
47,0,1748385435,2025/5/27 15:37
49,0,1748385445,2025/5/27 15:37
1,0,1748385450,2025/5/27 15:37
47,1,1748385471,2025/5/27 15:37
1,1,1748404591,2025/5/27 20:56
1,1,1748404611,2025/5/27 20:56
47,0,1748404742,2025/5/27 20:59
47,1,1748404791,2025/5/27 20:59
1,0,1748404862,2025/5/27 21:01
47,1,1748404996,2025/5/27 21:03
1,1,1748405004,2025/5/27 21:03
1,1,1748405021,2025/5/27 21:03
1,1,1748405130,2025/5/27 21:05
1,1,1748405146,2025/5/27 21:05
47,1,1748405149,2025/5/27 21:05
1,0,1748406032,2025/5/27 21:20
47,0,1748406035,2025/5/27 21:20
49,1,1748454056,2025/5/28 10:40
47,0,1748454831,2025/5/28 10:53
1,1,1748455005,2025/5/28 10:56
1,0,1748455181,2025/5/28 10:59
47,0,1748455190,2025/5/28 10:59
1,1,1748455436,2025/5/28 11:03
1,1,1748455484,2025/5/28 11:04
1,0,1748455487,2025/5/28 11:04
47,0,1748455552,2025/5/28 11:05
47,1,1748455569,2025/5/28 11:06
49,1,1748455920,2025/5/28 11:12
1,1,1748455935,2025/5/28 11:12
1,0,1748455983,2025/5/28 11:13
1,0,1748455986,2025/5/28 11:13
1,0,1748455994,2025/5/28 11:13
1,1,1748463960,2025/5/28 13:26
1,1,1748463963,2025/5/28 13:26
1,1,1748464372,2025/5/28 13:32
1,1,1748466556,2025/5/28 14:09
50,1,1748466741,2025/5/28 14:12
50,0,1748466826,2025/5/28 14:13
1,0,1748490821,2025/5/28 20:53
1,1,1748490835,2025/5/28 20:53
1,0,1748490858,2025/5/28 20:54
1,1,1748491003,2025/5/28 20:56
47,0,1748491122,2025/5/28 20:58
3,0,1748491131,2025/5/28 20:58
1,0,1748491137,2025/5/28 20:58
1,0,1748491140,2025/5/28 20:59
1,1,1748491148,2025/5/28 20:59
1,1,1748491162,2025/5/28 20:59
1,1,1748491169,2025/5/28 20:59
1,1,1748491570,2025/5/28 21:06
1,1,1748491699,2025/5/28 21:08
1,0,1748491728,2025/5/28 21:08
1,0,1748491745,2025/5/28 21:09
47,0,1748491750,2025/5/28 21:09
1,0,1748491785,2025/5/28 21:09
1,1,1748492348,2025/5/28 21:19
1,1,1748492349,2025/5/28 21:19
1,1,1748492511,2025/5/28 21:21
47,0,1748492522,2025/5/28 21:22
1,1,1748492524,2025/5/28 21:22
3,1,1748492533,2025/5/28 21:22
1,0,1748492575,2025/5/28 21:22
1,0,1748535385,2025/5/29 9:16
47,1,1748535617,2025/5/29 9:20
47,0,1748535691,2025/5/29 9:21
1,0,1748548981,2025/5/29 13:03
1,0,1748549012,2025/5/29 13:03
1,0,1748549020,2025/5/29 13:03
1,0,1748549032,2025/5/29 13:03
1,0,1748549049,2025/5/29 13:04
1,0,1748549077,2025/5/29 13:04
1,1,1748549128,2025/5/29 13:05
1,1,1748549132,2025/5/29 13:05
1,1,1748549144,2025/5/29 13:05
49,1,1748549177,2025/5/29 13:06
1,0,1748549202,2025/5/29 13:06
1,1,1748549209,2025/5/29 13:06
1,0,1748549214,2025/5/29 13:06
1,0,1748549251,2025/5/29 13:07
1,1,1748549311,2025/5/29 13:08
47,0,1748549345,2025/5/29 13:09
47,0,1748549351,2025/5/29 13:09
47,0,1748549356,2025/5/29 13:09
47,0,1748550923,2025/5/29 13:35
1,1,1748551053,2025/5/29 13:37
1,1,1748551058,2025/5/29 13:37
1,1,1748555453,2025/5/29 14:50
1,1,1748555459,2025/5/29 14:50
1,1,1748555701,2025/5/29 14:55
1,1,1748555708,2025/5/29 14:55
1,1,1748555722,2025/5/29 14:55
1,0,1748555775,2025/5/29 14:56
1,0,1748555808,2025/5/29 14:56
1,0,1748555825,2025/5/29 14:57
1,1,1748555962,2025/5/29 14:59
1,1,1748555975,2025/5/29 14:59
1,1,1748555985,2025/5/29 14:59
1,0,1748555991,2025/5/29 14:59
1,0,1748555997,2025/5/29 14:59
1,0,1748556002,2025/5/29 15:00
1,1,1748556358,2025/5/29 15:05
1,0,1748556413,2025/5/29 15:06
1,0,1748556425,2025/5/29 15:07
1,1,1748557214,2025/5/29 15:20
1,1,1748559753,2025/5/29 16:02
1,1,1748559756,2025/5/29 16:02
1,1,1748559760,2025/5/29 16:02
1,1,1748559765,2025/5/29 16:02
1,0,1748559765,2025/5/29 16:02
1,1,1748559767,2025/5/29 16:02
1,1,1748559773,2025/5/29 16:02
1,1,1748559989,2025/5/29 16:06
1,0,1748560568,2025/5/29 16:16
1,1,1748560577,2025/5/29 16:16
1,0,1748560579,2025/5/29 16:16
1,1,1748560602,2025/5/29 16:16
1,0,1748560645,2025/5/29 16:17
1,1,1748560653,2025/5/29 16:17
1,1,1748560661,2025/5/29 16:17
1,0,1748560668,2025/5/29 16:17
1,1,1748560675,2025/5/29 16:17
1,1,1748560696,2025/5/29 16:18
1,0,1748560698,2025/5/29 16:18
1,1,1748560709,2025/5/29 16:18
1,1,1748561085,2025/5/29 16:24
1,0,1748561279,2025/5/29 16:27
1,1,1748561319,2025/5/29 16:28
1,1,1748561342,2025/5/29 16:29
47,0,1748561356,2025/5/29 16:29
1,0,1748562505,2025/5/29 16:48
1,1,1748562522,2025/5/29 16:48
1,1,1748562541,2025/5/29 16:49
1,1,1748562594,2025/5/29 16:49
47,1,1748570879,2025/5/29 19:07
47,0,1748571327,2025/5/29 19:15
1,1,1748573912,2025/5/29 19:58
1,1,1748573929,2025/5/29 19:58
1,1,1748573935,2025/5/29 19:58
1,1,1748574126,2025/5/29 20:02
1,0,1748574185,2025/5/29 20:03
47,0,1748574192,2025/5/29 20:03
1,1,1748574206,2025/5/29 20:03
1,0,1748574217,2025/5/29 20:03
1,0,1748574227,2025/5/29 20:03
1,0,1748574236,2025/5/29 20:03
1,0,1748574243,2025/5/29 20:04
47,1,1748574252,2025/5/29 20:04
1,0,1748574252,2025/5/29 20:04
1,1,1748574298,2025/5/29 20:04
1,1,1748574309,2025/5/29 20:05
1,0,1748574322,2025/5/29 20:05
47,1,1748574348,2025/5/29 20:05
49,1,1748574359,2025/5/29 20:05
1,0,1748574458,2025/5/29 20:07
47,0,1748574461,2025/5/29 20:07
47,0,1748574467,2025/5/29 20:07
47,1,1748574497,2025/5/29 20:08
47,1,1748574513,2025/5/29 20:08
1,0,1748574664,2025/5/29 20:11
1,1,1748574676,2025/5/29 20:11
1,0,1748578025,2025/5/29 21:07
1,0,1748578036,2025/5/29 21:07
1,1,1748578051,2025/5/29 21:07
1,1,1748578059,2025/5/29 21:07
1,1,1748578067,2025/5/29 21:07
47,0,1748578157,2025/5/29 21:09
1,1,1748580876,2025/5/29 21:54
47,0,1748581259,2025/5/29 22:00
1,0,1748581265,2025/5/29 22:01
1,0,1748581275,2025/5/29 22:01
1,1,1748581285,2025/5/29 22:01
1,0,1748581792,2025/5/29 22:09
47,0,1748582108,2025/5/29 22:15
1,1,1748582261,2025/5/29 22:17
47,0,1748617682,2025/5/30 8:08
1,1,1748617819,2025/5/30 8:10
3,0,1748617831,2025/5/30 8:10
47,0,1748617833,2025/5/30 8:10
1,1,1748617889,2025/5/30 8:11
1,1,1748617918,2025/5/30 8:11
1,0,1748617980,2025/5/30 8:13
1,0,1748617988,2025/5/30 8:13
1,1,1748618010,2025/5/30 8:13
3,0,1748619485,2025/5/30 8:38
3,0,1748619487,2025/5/30 8:38
1,0,1748619501,2025/5/30 8:38
1,1,1748619520,2025/5/30 8:38
1,1,1748619523,2025/5/30 8:38
47,0,1748619578,2025/5/30 8:39
1,0,1748621161,2025/5/30 9:06
1,1,1748621265,2025/5/30 9:07
1,1,1748621287,2025/5/30 9:08
1,1,1748621301,2025/5/30 9:08
47,0,1748621312,2025/5/30 9:08
1,1,1748621319,2025/5/30 9:08
47,0,1748621336,2025/5/30 9:08
1,1,1748621342,2025/5/30 9:09
1,1,1748621344,2025/5/30 9:09
1,0,1748621345,2025/5/30 9:09
1,1,1748621352,2025/5/30 9:09
47,1,1748621359,2025/5/30 9:09
1,0,1748621453,2025/5/30 9:10
47,0,1748621504,2025/5/30 9:11
1,1,1748621603,2025/5/30 9:13
1,1,1748621613,2025/5/30 9:13
47,0,1748621639,2025/5/30 9:13
47,1,1748621650,2025/5/30 9:14
47,1,1748621655,2025/5/30 9:14
1,1,1748621738,2025/5/30 9:15
1,0,1748621762,2025/5/30 9:16
1,0,1748621783,2025/5/30 9:16
1,0,1748621793,2025/5/30 9:16
47,1,1748622041,2025/5/30 9:20
1,1,1748622049,2025/5/30 9:20
1,0,1748623311,2025/5/30 9:41
1,1,1748623323,2025/5/30 9:42
47,0,1748623325,2025/5/30 9:42
1,1,1748623346,2025/5/30 9:42
1,0,1748625123,2025/5/30 10:12
47,0,1748625126,2025/5/30 10:12
1,1,1748625139,2025/5/30 10:12
1,0,1748625413,2025/5/30 10:16
1,0,1748625430,2025/5/30 10:17
1,1,1748625732,2025/5/30 10:22
1,1,1748627972,2025/5/30 10:59
1,1,1748631948,2025/5/30 12:05
1,0,1748632061,2025/5/30 12:07
1,0,1748632069,2025/5/30 12:07
1,1,1748632077,2025/5/30 12:07
1,0,1748632088,2025/5/30 12:08
49,0,1748632105,2025/5/30 12:08
1,1,1748632106,2025/5/30 12:08
1,1,1748632112,2025/5/30 12:08
3,0,1748632128,2025/5/30 12:08
3,1,1748632132,2025/5/30 12:08
49,1,1748632146,2025/5/30 12:09
1,0,1748632149,2025/5/30 12:09
1,0,1748632173,2025/5/30 12:09
1,0,1748632187,2025/5/30 12:09
1,0,1748632197,2025/5/30 12:09
1,1,1748632201,2025/5/30 12:10
47,0,1748632201,2025/5/30 12:10
1,1,1748632216,2025/5/30 12:10
47,1,1748632228,2025/5/30 12:10
1,1,1748632271,2025/5/30 12:11
47,0,1748632277,2025/5/30 12:11
3,0,1748632289,2025/5/30 12:11
1,1,1748632300,2025/5/30 12:11
1,0,1748632301,2025/5/30 12:11
1,0,1748632305,2025/5/30 12:11
1,1,1748632310,2025/5/30 12:11
49,0,1748632313,2025/5/30 12:11
3,0,1748632317,2025/5/30 12:11
1,1,1748632319,2025/5/30 12:11
1,1,1748632334,2025/5/30 12:12
3,0,1748632352,2025/5/30 12:12
1,0,1748632362,2025/5/30 12:12
1,1,1748632370,2025/5/30 12:12
1,1,1748632380,2025/5/30 12:13
49,1,1748632390,2025/5/30 12:13
1,1,1748632415,2025/5/30 12:13
47,0,1748632426,2025/5/30 12:13
1,0,1748632450,2025/5/30 12:14
1,1,1748632458,2025/5/30 12:14
3,0,1748632472,2025/5/30 12:14
1,0,1748632488,2025/5/30 12:14
1,0,1748632534,2025/5/30 12:15
1,1,1748632543,2025/5/30 12:15
1,1,1748632552,2025/5/30 12:15
47,0,1748632563,2025/5/30 12:16
47,0,1748632564,2025/5/30 12:16
47,1,1748632611,2025/5/30 12:16
1,0,1748632828,2025/5/30 12:20
1,1,1748632859,2025/5/30 12:20
1,0,1748633061,2025/5/30 12:24
49,0,1748633078,2025/5/30 12:24
1,0,1748633096,2025/5/30 12:24
1,1,1748633387,2025/5/30 12:29
1,1,1748633422,2025/5/30 12:30
47,0,1748634219,2025/5/30 12:43
1,0,1748634225,2025/5/30 12:43
47,0,1748634234,2025/5/30 12:43
1,0,1748634245,2025/5/30 12:44
3,0,1748634256,2025/5/30 12:44
1,0,1748634261,2025/5/30 12:44
1,1,1748634370,2025/5/30 12:46
1,1,1748634377,2025/5/30 12:46
1,0,1748634510,2025/5/30 12:48
1,0,1748634526,2025/5/30 12:48
1,0,1748634539,2025/5/30 12:48
1,0,1748634546,2025/5/30 12:49
1,1,1748634559,2025/5/30 12:49
3,0,1748729742,2025/5/31 15:15
3,0,1748729743,2025/5/31 15:15
3,0,1748729744,2025/5/31 15:15
47,0,1748729746,2025/5/31 15:15
1,1,1748729781,2025/5/31 15:16
1,1,1748729792,2025/5/31 15:16
1,0,1748729802,2025/5/31 15:16
1,0,1748729805,2025/5/31 15:16
1,0,1748729809,2025/5/31 15:16
1,0,1748729818,2025/5/31 15:16
1,1,1748729832,2025/5/31 15:17
1,1,1748729835,2025/5/31 15:17
1,1,1748729839,2025/5/31 15:17
1,1,1748729847,2025/5/31 15:17
1,0,1748729852,2025/5/31 15:17
1,1,1748729872,2025/5/31 15:17
49,1,1748729895,2025/5/31 15:18
1,1,1748729897,2025/5/31 15:18
1,1,1748729949,2025/5/31 15:19
1,0,1748730229,2025/5/31 15:23
1,0,1748730233,2025/5/31 15:23
49,0,1748730251,2025/5/31 15:24
1,0,1748730256,2025/5/31 15:24
3,0,1748730274,2025/5/31 15:24
1,0,1748730277,2025/5/31 15:24
1,1,1748730298,2025/5/31 15:24
1,1,1748730301,2025/5/31 15:25
1,1,1748730320,2025/5/31 15:25
47,0,1748730554,2025/5/31 15:29
49,0,1748730760,2025/5/31 15:32
1,0,1748730790,2025/5/31 15:33
47,1,1748730832,2025/5/31 15:33
1,1,1748730865,2025/5/31 15:34
1,0,1748730914,2025/5/31 15:35
1,0,1748730934,2025/5/31 15:35
1,0,1748730958,2025/5/31 15:35
1,1,1748731012,2025/5/31 15:36
1,0,1748731417,2025/5/31 15:43
1,0,1748731435,2025/5/31 15:43
1,0,1748731529,2025/5/31 15:45
1,1,1748731568,2025/5/31 15:46
47,1,1748731589,2025/5/31 15:46
47,1,1748731611,2025/5/31 15:46
47,1,1748731651,2025/5/31 15:47
1,0,1748731843,2025/5/31 15:50
1,1,1748731876,2025/5/31 15:51
1,1,1748731888,2025/5/31 15:51
3,0,1748731942,2025/5/31 15:52
1,0,1748731965,2025/5/31 15:52
1,1,1748731977,2025/5/31 15:52
3,0,1748731982,2025/5/31 15:53
1,1,1748731983,2025/5/31 15:53
1,0,1748731996,2025/5/31 15:53
1,1,1748732024,2025/5/31 15:53
49,0,1748732080,2025/5/31 15:54
1,0,1748732098,2025/5/31 15:54
1,1,1748732113,2025/5/31 15:55
1,0,1748732144,2025/5/31 15:55
1,0,1748732165,2025/5/31 15:56
1,0,1748732181,2025/5/31 15:56
1,1,1748732346,2025/5/31 15:59
1,0,1748733827,2025/5/31 16:23
49,0,1748733961,2025/5/31 16:26
50,0,1748734124,2025/5/31 16:28
1,1,1748744782,2025/5/31 19:26
1,1,1748744785,2025/5/31 19:26
1,1,1748745269,2025/5/31 19:34
50,1,1748745483,2025/5/31 19:38
1,1,1748750723,2025/5/31 21:05
1,0,1748750744,2025/5/31 21:05
47,0,1748750747,2025/5/31 21:05
1,1,1748756696,2025/5/31 22:44
47,0,1748758286,2025/5/31 23:11
1,0,1748758293,2025/5/31 23:11
1,0,1748758303,2025/5/31 23:11
1,1,1748758317,2025/5/31 23:11
1,0,1748758321,2025/5/31 23:12
1,1,1748758330,2025/5/31 23:12
1,1,1748758337,2025/5/31 23:12
1,1,1748758367,2025/5/31 23:12
3,0,1748758430,2025/5/31 23:13
1,0,1748758438,2025/5/31 23:13
47,1,1748758442,2025/5/31 23:14
1,1,1748758634,2025/5/31 23:17
49,0,1748758658,2025/5/31 23:17
1,0,1748758662,2025/5/31 23:17
49,1,1748758689,2025/5/31 23:18
1,0,1748758700,2025/5/31 23:18
3,0,1748758726,2025/5/31 23:18
1,0,1748758734,2025/5/31 23:18
1,0,1748758741,2025/5/31 23:19
1,1,1748758754,2025/5/31 23:19
1,0,1748758793,2025/5/31 23:19
1,0,1748758798,2025/5/31 23:19
3,0,1748759387,2025/5/31 23:29
1,0,1748759396,2025/5/31 23:29
1,0,1748759420,2025/5/31 23:30
1,1,1748759446,2025/5/31 23:30
1,1,1748759473,2025/5/31 23:31
1,0,1748759483,2025/5/31 23:31
1,0,1748759491,2025/5/31 23:31
1,1,1748759504,2025/5/31 23:31
47,1,1748759509,2025/5/31 23:31
1,0,1748759509,2025/5/31 23:31
1,0,1748759525,2025/5/31 23:32
1,1,1748759549,2025/5/31 23:32
1,1,1748759581,2025/5/31 23:33
47,0,1748759593,2025/5/31 23:33
3,1,1748759654,2025/5/31 23:34
1,1,1748759664,2025/5/31 23:34
47,0,1748759714,2025/5/31 23:35
1,1,1748759726,2025/5/31 23:35
1,0,1748759752,2025/5/31 23:35
1,0,1748759806,2025/5/31 23:36
1,1,1748759817,2025/5/31 23:36
47,1,1748759829,2025/5/31 23:37
1,1,1748759875,2025/5/31 23:37
47,0,1748759998,2025/5/31 23:39
3,1,1748760204,2025/5/31 23:43
1,1,1748760206,2025/5/31 23:43
1,0,1748760539,2025/5/31 23:48
3,1,1748760654,2025/5/31 23:50
3,1,1748760671,2025/5/31 23:51
50,0,1748760782,2025/5/31 23:53
3,1,1748765033,2025/6/1 1:03
3,1,1748765035,2025/6/1 1:03
3,1,1748765086,2025/6/1 1:04
47,1,1748765114,2025/6/1 1:05
1,0,1748765131,2025/6/1 1:05
1,1,1748765135,2025/6/1 1:05
1,0,1748765143,2025/6/1 1:05
1,0,1748765157,2025/6/1 1:05
1,0,1748765163,2025/6/1 1:06
1,1,1748765177,2025/6/1 1:06
47,1,1748765184,2025/6/1 1:06
47,0,1748765206,2025/6/1 1:06
47,0,1748765215,2025/6/1 1:06
3,0,1748774425,2025/6/1 3:40
3,0,1748774426,2025/6/1 3:40
3,0,1748774427,2025/6/1 3:40
3,0,1748774428,2025/6/1 3:40
1,1,1748794539,2025/6/1 9:15
1,1,1748794579,2025/6/1 9:16
49,0,1748795691,2025/6/1 9:34
49,0,1748795701,2025/6/1 9:35
1,0,1748795719,2025/6/1 9:35
1,0,1748795753,2025/6/1 9:35
1,0,1748795767,2025/6/1 9:36
49,1,1748795800,2025/6/1 9:36
49,0,1748795844,2025/6/1 9:37
49,1,1748795845,2025/6/1 9:37
49,0,1748795870,2025/6/1 9:37
1,1,1748795887,2025/6/1 9:38
1,1,1748795910,2025/6/1 9:38
1,1,1748795935,2025/6/1 9:38
49,0,1748795953,2025/6/1 9:39
1,1,1748795958,2025/6/1 9:39
1,0,1748795970,2025/6/1 9:39
49,1,1748795971,2025/6/1 9:39
1,0,1748795982,2025/6/1 9:39
1,1,1748795989,2025/6/1 9:39
1,1,1748795998,2025/6/1 9:39
1,0,1748796013,2025/6/1 9:40
1,0,1748796034,2025/6/1 9:40
1,1,1748796039,2025/6/1 9:40
1,0,1748796048,2025/6/1 9:40
1,1,1748796058,2025/6/1 9:40
1,0,1748796061,2025/6/1 9:41
1,1,1748796088,2025/6/1 9:41
1,0,1748796109,2025/6/1 9:41
1,1,1748796116,2025/6/1 9:41
1,0,1748796121,2025/6/1 9:42
1,1,1748796130,2025/6/1 9:42
1,1,1748796141,2025/6/1 9:42
1,1,1748796157,2025/6/1 9:42
47,0,1748796191,2025/6/1 9:43
3,1,1748804315,2025/6/1 11:58
1,1,1748805618,2025/6/1 12:20
1,0,1748805969,2025/6/1 12:26
50,0,1748806167,2025/6/1 12:29
50,1,1748808988,2025/6/1 13:16
50,1,1748810793,2025/6/1 13:46
1,0,1748810934,2025/6/1 13:48
1,0,1748810949,2025/6/1 13:49
1,0,1748810959,2025/6/1 13:49
1,1,1748810990,2025/6/1 13:49
1,0,1748810993,2025/6/1 13:49
47,0,1748810996,2025/6/1 13:49
1,1,1748811019,2025/6/1 13:50
1,1,1748811021,2025/6/1 13:50
1,1,1748811036,2025/6/1 13:50
1,1,1748811055,2025/6/1 13:50
1,0,1748811097,2025/6/1 13:51
1,0,1748811112,2025/6/1 13:51
1,0,1748811126,2025/6/1 13:52
1,1,1748811239,2025/6/1 13:53
3,0,1748811872,2025/6/1 14:04
1,0,1748811875,2025/6/1 14:04
1,0,1748811880,2025/6/1 14:04
1,1,1748811891,2025/6/1 14:04
1,1,1748811898,2025/6/1 14:04
47,0,1748811930,2025/6/1 14:05
3,0,1748812380,2025/6/1 14:13
1,1,1748812401,2025/6/1 14:13
1,0,1748812419,2025/6/1 14:13
1,0,1748812432,2025/6/1 14:13
1,1,1748812527,2025/6/1 14:15
1,0,1748815317,2025/6/1 15:01
1,0,1748815330,2025/6/1 15:02
1,1,1748815355,2025/6/1 15:02
1,1,1748815361,2025/6/1 15:02
1,1,1748815393,2025/6/1 15:03
1,0,1748815440,2025/6/1 15:04
1,0,1748815453,2025/6/1 15:04
47,0,1748815454,2025/6/1 15:04
1,1,1748815468,2025/6/1 15:04
1,1,1748815477,2025/6/1 15:04
1,0,1748815479,2025/6/1 15:04
1,1,1748815492,2025/6/1 15:04
49,0,1748815492,2025/6/1 15:04
1,1,1748815507,2025/6/1 15:05
1,1,1748815520,2025/6/1 15:05
1,0,1748815628,2025/6/1 15:07
1,0,1748815661,2025/6/1 15:07
47,0,1748815673,2025/6/1 15:07
1,1,1748815699,2025/6/1 15:08
47,0,1748815762,2025/6/1 15:09
47,0,1748822646,2025/6/1 17:04
1,0,1748822654,2025/6/1 17:04
1,1,1748822667,2025/6/1 17:04
1,0,1748822674,2025/6/1 17:04
47,0,1748822675,2025/6/1 17:04
1,1,1748822677,2025/6/1 17:04
1,1,1748822692,2025/6/1 17:04
1,0,1748822693,2025/6/1 17:04
1,1,1748822700,2025/6/1 17:05
1,0,1748822701,2025/6/1 17:05
47,0,1748822716,2025/6/1 17:05
1,1,1748822719,2025/6/1 17:05
47,1,1748822724,2025/6/1 17:05
1,1,1748822735,2025/6/1 17:05
1,1,1748822739,2025/6/1 17:05
1,1,1748822742,2025/6/1 17:05
1,1,1748822745,2025/6/1 17:05
49,0,1748822768,2025/6/1 17:06
1,1,1748822775,2025/6/1 17:06
49,0,1748822780,2025/6/1 17:06
1,0,1748823220,2025/6/1 17:13
1,1,1748823754,2025/6/1 17:22
1,1,1748823765,2025/6/1 17:22
1,1,1748823770,2025/6/1 17:22
1,1,1748823779,2025/6/1 17:22
1,0,1748823796,2025/6/1 17:23
1,0,1748823798,2025/6/1 17:23
1,0,1748823805,2025/6/1 17:23
1,0,1748823812,2025/6/1 17:23
1,1,1748823821,2025/6/1 17:23
1,1,1748823838,2025/6/1 17:23
1,1,1748824507,2025/6/1 17:35
1,0,1748824544,2025/6/1 17:35
1,0,1748824965,2025/6/1 17:42
1,1,1748824996,2025/6/1 17:43
1,1,1748824998,2025/6/1 17:43
1,0,1748825020,2025/6/1 17:43
1,0,1748825021,2025/6/1 17:43
47,0,1748825024,2025/6/1 17:43
1,0,1748886166,2025/6/2 10:42
1,0,1748886170,2025/6/2 10:42
1,0,1748886181,2025/6/2 10:43
47,0,1748886184,2025/6/2 10:43
47,0,1748886185,2025/6/2 10:43
47,0,1748886188,2025/6/2 10:43
1,1,1748886489,2025/6/2 10:48
1,0,1748906205,2025/6/2 16:16
47,0,1748906258,2025/6/2 16:17
1,1,1748906284,2025/6/2 16:18
1,0,1748906343,2025/6/2 16:19
1,1,1748906354,2025/6/2 16:19
1,0,1748906360,2025/6/2 16:19
1,1,1748926756,2025/6/2 21:59
1,0,1748926790,2025/6/2 21:59
1,1,1748970128,2025/6/3 10:02
1,0,1748970143,2025/6/3 10:02
1,1,1748970156,2025/6/3 10:02
1,0,1748970169,2025/6/3 10:02
1,0,1748970442,2025/6/3 10:07
47,0,1748970474,2025/6/3 10:07
1,1,1748970525,2025/6/3 10:08
47,0,1748970568,2025/6/3 10:09
1,0,1748970575,2025/6/3 10:09
1,1,1748974047,2025/6/3 11:07
47,0,1748975618,2025/6/3 11:33
1,1,1748976055,2025/6/3 11:40
1,0,1748977152,2025/6/3 11:59
1,0,1748977158,2025/6/3 11:59
1,0,1748977170,2025/6/3 11:59
1,1,1748977173,2025/6/3 11:59
1,1,1748977179,2025/6/3 11:59
1,1,1748977189,2025/6/3 11:59
1,0,1748986184,2025/6/3 14:29
1,1,1748986240,2025/6/3 14:30
47,0,1748986264,2025/6/3 14:31
1,1,1748986293,2025/6/3 14:31
1,0,1748986306,2025/6/3 14:31
1,1,1748986415,2025/6/3 14:33
1,0,1748986424,2025/6/3 14:33
1,0,1748986445,2025/6/3 14:34
1,0,1748986451,2025/6/3 14:34
1,1,1748986559,2025/6/3 14:35
1,1,1748988103,2025/6/3 15:01
1,0,1748988138,2025/6/3 15:02
1,1,1748988155,2025/6/3 15:02
1,1,1748988879,2025/6/3 15:14
1,0,1748988888,2025/6/3 15:14
1,0,1748988894,2025/6/3 15:14
1,0,1748988897,2025/6/3 15:14
1,1,1749054836,2025/6/4 9:33
1,1,1749071987,2025/6/4 14:19
1,1,1749071999,2025/6/4 14:19
1,0,1749072569,2025/6/4 14:29
1,0,1749072581,2025/6/4 14:29
1,0,1749072587,2025/6/4 14:29
1,0,1749072598,2025/6/4 14:29
1,1,1749072740,2025/6/4 14:32
49,1,1749072744,2025/6/4 14:32
1,1,1749072768,2025/6/4 14:32
47,1,1749072777,2025/6/4 14:32
1,1,1749072895,2025/6/4 14:34
1,0,1749073285,2025/6/4 14:41
47,0,1749073292,2025/6/4 14:41
47,0,1749073297,2025/6/4 14:41
1,0,1749073393,2025/6/4 14:43
1,1,1749073493,2025/6/4 14:44
1,1,1749073500,2025/6/4 14:45
1,0,1749074264,2025/6/4 14:57
1,0,1749074278,2025/6/4 14:57
1,1,1749074466,2025/6/4 15:01
1,1,1749075724,2025/6/4 15:22
1,1,1749075732,2025/6/4 15:22
47,0,1749075752,2025/6/4 15:22
1,0,1749075775,2025/6/4 15:22
47,1,1749075792,2025/6/4 15:23
1,0,1749075806,2025/6/4 15:23
1,1,1749075814,2025/6/4 15:23
47,1,1749099311,2025/6/4 21:55
47,0,1749099783,2025/6/4 22:03
1,0,1749099787,2025/6/4 22:03
1,1,1749099849,2025/6/4 22:04
1,0,1749100020,2025/6/4 22:07
1,0,1749100025,2025/6/4 22:07
1,0,1749100031,2025/6/4 22:07
1,1,1749100220,2025/6/4 22:10
1,1,1749100234,2025/6/4 22:10
1,0,1749143721,2025/6/5 10:15
1,1,1749144049,2025/6/5 10:20
1,1,1749144055,2025/6/5 10:20
1,1,1749144057,2025/6/5 10:20
1,0,1749144082,2025/6/5 10:21
1,0,1749144094,2025/6/5 10:21
1,1,1749144783,2025/6/5 10:33
1,1,1749493768,2025/6/9 11:29
1,1,1749493775,2025/6/9 11:29
1,0,1749494526,2025/6/9 11:42
1,0,1749501618,2025/6/9 13:40
1,0,1749501622,2025/6/9 13:40
1,1,1749501638,2025/6/9 13:40
1,0,1749501763,2025/6/9 13:42
1,0,1749501768,2025/6/9 13:42
1,1,1749501798,2025/6/9 13:43
1,1,1749516025,2025/6/9 17:40
1,0,1749516147,2025/6/9 17:42
1,0,1749516151,2025/6/9 17:42
1,0,1749516169,2025/6/9 17:42
47,0,1749516178,2025/6/9 17:42
1,1,1749516210,2025/6/9 17:43
1,1,1749516217,2025/6/9 17:43
1,0,1749516225,2025/6/9 17:43
1,0,1749516232,2025/6/9 17:43
1,0,1749516236,2025/6/9 17:43
1,0,1749516248,2025/6/9 17:44
47,1,1749516289,2025/6/9 17:44
1,1,1749516330,2025/6/9 17:45
1,0,1749516865,2025/6/9 17:54
49,1,1749516938,2025/6/9 17:55
1,1,1749516950,2025/6/9 17:55
1,1,1749525263,2025/6/9 20:14
1,1,1749525273,2025/6/9 20:14
1,1,1749525289,2025/6/9 20:14
47,0,1749525395,2025/6/9 20:16
47,1,1749527755,2025/6/9 20:55
47,1,1749529787,2025/6/9 21:29
47,0,1749529829,2025/6/9 21:30
1,1,1749530056,2025/6/9 21:34
1,1,1749530059,2025/6/9 21:34
1,1,1749568932,2025/6/10 8:22
1,1,1749568940,2025/6/10 8:22
47,0,1749574149,2025/6/10 9:49
1,0,1749574155,2025/6/10 9:49
1,1,1749575182,2025/6/10 10:06
1,0,1749575721,2025/6/10 10:15
1,1,1749575737,2025/6/10 10:15
1,0,1749575784,2025/6/10 10:16
1,0,1749583765,2025/6/10 12:29
1,0,1749583782,2025/6/10 12:29
1,0,1749583811,2025/6/10 12:30
1,0,1749583858,2025/6/10 12:30
47,0,1749584966,2025/6/10 12:49
47,1,1749587071,2025/6/10 13:24
1,1,1749587074,2025/6/10 13:24
1,1,1749587089,2025/6/10 13:24
1,1,1749588954,2025/6/10 13:55
1,1,1749589032,2025/6/10 13:57
1,0,1749589063,2025/6/10 13:57
47,0,1749589069,2025/6/10 13:57
49,0,1749589086,2025/6/10 13:58
1,1,1749589116,2025/6/10 13:58
1,0,1749589176,2025/6/10 13:59
1,0,1749589210,2025/6/10 14:00
1,1,1749589217,2025/6/10 14:00
47,0,1749589292,2025/6/10 14:01
1,0,1749589303,2025/6/10 14:01
1,0,1749589318,2025/6/10 14:01
1,1,1749589331,2025/6/10 14:02
1,0,1749589396,2025/6/10 14:03
1,0,1749589423,2025/6/10 14:03
1,0,1749589426,2025/6/10 14:03
1,1,1749589551,2025/6/10 14:05
1,1,1749589559,2025/6/10 14:05
1,0,1749589793,2025/6/10 14:09
1,0,1749589836,2025/6/10 14:10
47,1,1749589859,2025/6/10 14:10
47,1,1749589869,2025/6/10 14:11
47,0,1749589920,2025/6/10 14:12
1,0,1749589927,2025/6/10 14:12
1,1,1749589973,2025/6/10 14:12
1,0,1749589991,2025/6/10 14:13
1,0,1749590011,2025/6/10 14:13
47,0,1749590018,2025/6/10 14:13
1,1,1749590150,2025/6/10 14:15
1,1,1749590162,2025/6/10 14:16
1,0,1749590237,2025/6/10 14:17
1,1,1749590287,2025/6/10 14:18
1,1,1749590297,2025/6/10 14:18
1,1,1749590304,2025/6/10 14:18
1,1,1749590317,2025/6/10 14:18
1,0,1749590345,2025/6/10 14:19
1,0,1749590351,2025/6/10 14:19
1,1,1749590383,2025/6/10 14:19
1,1,1749590387,2025/6/10 14:19
1,0,1749590495,2025/6/10 14:21
1,0,1749590505,2025/6/10 14:21
1,0,1749590525,2025/6/10 14:22
1,1,1749590600,2025/6/10 14:23
47,0,1749590628,2025/6/10 14:23
1,1,1749590642,2025/6/10 14:24
47,0,1749591182,2025/6/10 14:33
47,1,1749592961,2025/6/10 15:02
1,0,1749593434,2025/6/10 15:10
1,1,1749593548,2025/6/10 15:12
47,0,1749593709,2025/6/10 15:15
1,1,1749593713,2025/6/10 15:15
1,0,1749593789,2025/6/10 15:16
1,0,1749593795,2025/6/10 15:16
1,1,1749594199,2025/6/10 15:23
1,1,1749594222,2025/6/10 15:23
1,1,1749594231,2025/6/10 15:23
1,0,1749594386,2025/6/10 15:26
1,1,1749595212,2025/6/10 15:40
1,1,1749595218,2025/6/10 15:40
1,1,1749595223,2025/6/10 15:40
47,0,1749595648,2025/6/10 15:47
1,1,1749595957,2025/6/10 15:52
1,0,1749596087,2025/6/10 15:54
1,0,1749596091,2025/6/10 15:54
1,1,1749596333,2025/6/10 15:58
1,0,1749596740,2025/6/10 16:05
1,1,1749596830,2025/6/10 16:07
1,0,1749597040,2025/6/10 16:10
1,0,1749597042,2025/6/10 16:10
1,0,1749597047,2025/6/10 16:10
1,0,1749597057,2025/6/10 16:10
49,0,1749597088,2025/6/10 16:11
1,0,1749597554,2025/6/10 16:19
47,0,1749597558,2025/6/10 16:19
1,0,1749597751,2025/6/10 16:22
1,1,1749622227,2025/6/10 23:10
1,1,1749622237,2025/6/10 23:10
1,1,1749622253,2025/6/10 23:10
1,1,1749622268,2025/6/10 23:11
1,1,1749622280,2025/6/10 23:11
3,1,1749622299,2025/6/10 23:11
3,1,1749661999,2025/6/11 10:13
1,1,1749662012,2025/6/11 10:13
1,1,1749662017,2025/6/11 10:13
47,0,1749662040,2025/6/11 10:14
1,1,1749662046,2025/6/11 10:14
1,1,1749662054,2025/6/11 10:14
1,1,1749662062,2025/6/11 10:14
1,0,1749662066,2025/6/11 10:14
49,0,1749662075,2025/6/11 10:14
49,1,1749662084,2025/6/11 10:14
1,1,1749662092,2025/6/11 10:14
1,1,1749662100,2025/6/11 10:15
49,0,1749662130,2025/6/11 10:15
1,1,1749662136,2025/6/11 10:15
49,0,1749662143,2025/6/11 10:15
1,1,1749662153,2025/6/11 10:15
1,1,1749662207,2025/6/11 10:16
1,1,1749662213,2025/6/11 10:16
47,0,1749662418,2025/6/11 10:20
1,0,1749662440,2025/6/11 10:20
1,1,1749662453,2025/6/11 10:20
1,1,1749662474,2025/6/11 10:21
1,0,1749662615,2025/6/11 10:23
47,0,1749662617,2025/6/11 10:23
1,1,1749663582,2025/6/11 10:39
3,1,1749664134,2025/6/11 10:48
1,1,1749664139,2025/6/11 10:48
1,0,1749665373,2025/6/11 11:09
1,0,1749665376,2025/6/11 11:09
1,1,1749665410,2025/6/11 11:10
1,1,1749665413,2025/6/11 11:10
47,0,1749665420,2025/6/11 11:10
1,1,1749665421,2025/6/11 11:10
1,0,1749665427,2025/6/11 11:10
1,1,1749665429,2025/6/11 11:10
1,1,1749665438,2025/6/11 11:10
1,0,1749665440,2025/6/11 11:10
1,0,1749665462,2025/6/11 11:11
1,0,1749665476,2025/6/11 11:11
1,0,1749665488,2025/6/11 11:11
1,1,1749665491,2025/6/11 11:11
1,0,1749665510,2025/6/11 11:11
1,1,1749665515,2025/6/11 11:11
1,0,1749665557,2025/6/11 11:12
49,0,1749665561,2025/6/11 11:12
1,0,1749665591,2025/6/11 11:13
1,0,1749665608,2025/6/11 11:13
1,1,1749665611,2025/6/11 11:13
1,0,1749665611,2025/6/11 11:13
1,1,1749665624,2025/6/11 11:13
3,1,1749665630,2025/6/11 11:13
47,0,1749665680,2025/6/11 11:14
1,0,1749665706,2025/6/11 11:15
1,1,1749665746,2025/6/11 11:15
47,0,1749666206,2025/6/11 11:23
1,1,1749677207,2025/6/11 14:26
1,1,1749677222,2025/6/11 14:27
1,0,1749677401,2025/6/11 14:30
1,1,1749677476,2025/6/11 14:31
47,0,1749679198,2025/6/11 14:59
47,1,1749679371,2025/6/11 15:02
1,0,1749680197,2025/6/11 15:16
1,0,1749680204,2025/6/11 15:16
1,0,1749680854,2025/6/11 15:27
1,1,1749680935,2025/6/11 15:28
1,1,1749680937,2025/6/11 15:28
3,1,1749696106,2025/6/11 19:41
1,1,1749696112,2025/6/11 19:41
1,1,1749696118,2025/6/11 19:41
1,0,1749696936,2025/6/11 19:55
3,1,1749697139,2025/6/11 19:58
1,1,1749697142,2025/6/11 19:59
1,0,1749697424,2025/6/11 20:03
1,0,1749697433,2025/6/11 20:03
1,0,1749697445,2025/6/11 20:04
1,1,1749697449,2025/6/11 20:04
1,0,1749697459,2025/6/11 20:04
1,0,1749697468,2025/6/11 20:04
1,0,1749697475,2025/6/11 20:04
1,1,1749697480,2025/6/11 20:04
47,1,1749697501,2025/6/11 20:05
47,0,1749700920,2025/6/11 21:02
1,1,1749701021,2025/6/11 21:03
47,1,1749701036,2025/6/11 21:03
1,0,1749701172,2025/6/11 21:06
1,0,1749701179,2025/6/11 21:06
1,1,1749701384,2025/6/11 21:09
1,0,1749701481,2025/6/11 21:11
1,0,1749701488,2025/6/11 21:11
1,0,1749701505,2025/6/11 21:11
1,0,1749701520,2025/6/11 21:12
1,0,1749701533,2025/6/11 21:12
47,1,1749701554,2025/6/11 21:12
47,1,1749701556,2025/6/11 21:12
1,0,1749701562,2025/6/11 21:12
47,0,1749701574,2025/6/11 21:12
1,1,1749701575,2025/6/11 21:12
1,1,1749701589,2025/6/11 21:13
47,0,1749701605,2025/6/11 21:13
1,1,1749701624,2025/6/11 21:13
1,0,1749701655,2025/6/11 21:14
1,0,1749701667,2025/6/11 21:14
47,0,1749702137,2025/6/11 21:22
47,0,1749702139,2025/6/11 21:22
1,1,1749702181,2025/6/11 21:23
1,1,1749702186,2025/6/11 21:23
1,0,1749702560,2025/6/11 21:29
1,0,1749702564,2025/6/11 21:29
1,1,1749702821,2025/6/11 21:33
1,0,1749703183,2025/6/11 21:39
1,1,1749703272,2025/6/11 21:41
1,0,1749703291,2025/6/11 21:41
1,1,1749747610,2025/6/12 10:00
1,0,1749747697,2025/6/12 10:01
1,0,1749747706,2025/6/12 10:01
1,0,1749747762,2025/6/12 10:02
1,1,1749747879,2025/6/12 10:04
1,0,1749747940,2025/6/12 10:05
1,1,1749747948,2025/6/12 10:05
1,0,1749748473,2025/6/12 10:14
3,1,1749759121,2025/6/12 13:12
1,1,1749759121,2025/6/12 13:12
1,0,1749761395,2025/6/12 13:49
1,0,1749761425,2025/6/12 13:50
1,1,1749761539,2025/6/12 13:52
1,0,1749761627,2025/6/12 13:53
1,1,1749763415,2025/6/12 14:23
1,0,1749763573,2025/6/12 14:26
1,1,1749763582,2025/6/12 14:26
1,0,1749766248,2025/6/12 15:10
1,1,1749766685,2025/6/12 15:18
3,1,1749767240,2025/6/12 15:27
3,1,1749767251,2025/6/12 15:27
3,1,1749767260,2025/6/12 15:27
47,1,1749767274,2025/6/12 15:27
1,0,1749767327,2025/6/12 15:28
1,1,1749838953,2025/6/13 11:22
1,1,1749838955,2025/6/13 11:22
1,1,1749839049,2025/6/13 11:24
1,1,1749839493,2025/6/13 11:31
1,0,1749840023,2025/6/13 11:40
1,0,1749840031,2025/6/13 11:40
1,0,1749840033,2025/6/13 11:40
1,1,1749840131,2025/6/13 11:42
1,0,1749840185,2025/6/13 11:43
1,0,1749840189,2025/6/13 11:43
1,1,1749840193,2025/6/13 11:43
1,1,1749840316,2025/6/13 11:45
1,1,1749840362,2025/6/13 11:46
1,0,1749840395,2025/6/13 11:46
1,1,1749840447,2025/6/13 11:47
47,1,1749840491,2025/6/13 11:48
1,0,1749840761,2025/6/13 11:52
1,0,1749841488,2025/6/13 12:04
1,1,1749841535,2025/6/13 12:05
1,1,1749870928,2025/6/13 20:15
1,1,1749870939,2025/6/13 20:15
1,0,1749870955,2025/6/13 20:15
1,0,1749870961,2025/6/13 20:16
1,0,1749870976,2025/6/13 20:16
1,1,1749871045,2025/6/13 20:17
1,1,1749871050,2025/6/13 20:17
1,1,1749871060,2025/6/13 20:17
1,0,1749871632,2025/6/13 20:27
1,0,1749871644,2025/6/13 20:27
1,0,1749871649,2025/6/13 20:27
1,1,1749871739,2025/6/13 20:28
1,1,1749871745,2025/6/13 20:29
1,0,1750010788,2025/6/15 11:06
1,1,1750010813,2025/6/15 11:06
47,1,1750010824,2025/6/15 11:07
47,0,1750010867,2025/6/15 11:07
1,1,1750019567,2025/6/15 13:32
1,1,1750019574,2025/6/15 13:32
1,1,1750019598,2025/6/15 13:33
1,1,1750019609,2025/6/15 13:33
1,1,1750019973,2025/6/15 13:39
1,1,1750020006,2025/6/15 13:40
1,0,1750020123,2025/6/15 13:42
1,0,1750020128,2025/6/15 13:42
47,0,1750020131,2025/6/15 13:42
1,0,1750020169,2025/6/15 13:42
1,1,1750020206,2025/6/15 13:43
1,1,1750020445,2025/6/15 13:47
47,1,1750020463,2025/6/15 13:47
1,0,1750021310,2025/6/15 14:01
1,0,1750021452,2025/6/15 14:04
1,0,1750021473,2025/6/15 14:04
1,1,1750021490,2025/6/15 14:04
1,0,1750023065,2025/6/15 14:31
1,1,1750023091,2025/6/15 14:31
47,0,1750023169,2025/6/15 14:32
1,1,1750023194,2025/6/15 14:33
1,1,1750023226,2025/6/15 14:33
3,1,1750023239,2025/6/15 14:33
1,1,1750023261,2025/6/15 14:34
1,1,1750023268,2025/6/15 14:34
1,1,1750023304,2025/6/15 14:35
1,0,1750023315,2025/6/15 14:35
1,0,1750023328,2025/6/15 14:35
1,1,1750023335,2025/6/15 14:35
1,1,1750023352,2025/6/15 14:35
3,1,1750023361,2025/6/15 14:36
1,1,1750023396,2025/6/15 14:36
1,1,1750023407,2025/6/15 14:36
1,0,1750023412,2025/6/15 14:36
1,0,1750023416,2025/6/15 14:36
1,1,1750023425,2025/6/15 14:37
1,0,1750023736,2025/6/15 14:42
1,1,1750132286,2025/6/16 20:51
1,1,1750132346,2025/6/16 20:52
1,1,1750132351,2025/6/16 20:52
1,1,1750135789,2025/6/16 21:49
1,0,1750135835,2025/6/16 21:50
1,0,1750135839,2025/6/16 21:50
49,0,1750135852,2025/6/16 21:50
1,1,1750135905,2025/6/16 21:51
1,0,1750136065,2025/6/16 21:54
1,1,1750186027,2025/6/17 11:47
47,0,1750186634,2025/6/17 11:57
1,1,1750188329,2025/6/17 12:25
1,1,1750188419,2025/6/17 12:26
3,1,1750188422,2025/6/17 12:27
1,1,1750188426,2025/6/17 12:27
3,1,1750188433,2025/6/17 12:27
1,1,1750188445,2025/6/17 12:27
1,0,1750189278,2025/6/17 12:41
1,0,1750189293,2025/6/17 12:41
1,0,1750189305,2025/6/17 12:41
1,1,1750189320,2025/6/17 12:42
49,1,1750189376,2025/6/17 12:42
3,1,1750189481,2025/6/17 12:44
1,1,1750189481,2025/6/17 12:44
1,0,1750189552,2025/6/17 12:45
1,1,1750189623,2025/6/17 12:47
1,1,1750189634,2025/6/17 12:47
1,1,1750189647,2025/6/17 12:47
1,1,1750189653,2025/6/17 12:47
1,0,1750189679,2025/6/17 12:47
1,0,1750189720,2025/6/17 12:48
1,0,1750189723,2025/6/17 12:48
1,1,1750189725,2025/6/17 12:48
47,0,1750189741,2025/6/17 12:49
1,1,1750189763,2025/6/17 12:49
1,1,1750189781,2025/6/17 12:49
1,0,1750189820,2025/6/17 12:50
1,0,1750189875,2025/6/17 12:51
1,0,1750189897,2025/6/17 12:51
1,1,1750189947,2025/6/17 12:52
1,1,1750189965,2025/6/17 12:52
1,1,1750189968,2025/6/17 12:52
1,1,1750189972,2025/6/17 12:52
1,1,1750190149,2025/6/17 12:55
1,1,1750190173,2025/6/17 12:56
49,0,1750190272,2025/6/17 12:57
1,0,1750190291,2025/6/17 12:58
1,0,1750190298,2025/6/17 12:58
1,0,1750190318,2025/6/17 12:58
49,0,1750190324,2025/6/17 12:58
1,0,1750190338,2025/6/17 12:58
1,1,1750190365,2025/6/17 12:59
1,0,1750190392,2025/6/17 12:59
1,1,1750190426,2025/6/17 13:00
1,1,1750190433,2025/6/17 13:00
47,0,1750190489,2025/6/17 13:01
1,1,1750195379,2025/6/17 14:22
1,0,1750195524,2025/6/17 14:25
47,1,1750195546,2025/6/17 14:25
1,0,1750195690,2025/6/17 14:28
1,0,1750195694,2025/6/17 14:28
1,1,1750195696,2025/6/17 14:28
1,0,1750196631,2025/6/17 14:43
1,0,1750196637,2025/6/17 14:43
1,1,1750196670,2025/6/17 14:44
1,1,1750196679,2025/6/17 14:44
3,0,1750196707,2025/6/17 14:45
1,0,1750196726,2025/6/17 14:45
1,1,1750196731,2025/6/17 14:45
1,1,1750196785,2025/6/17 14:46
3,0,1750196805,2025/6/17 14:46
1,0,1750196811,2025/6/17 14:46
1,0,1750196826,2025/6/17 14:47
1,1,1750196860,2025/6/17 14:47
1,0,1750196969,2025/6/17 14:49
1,0,1750196973,2025/6/17 14:49
1,0,1750196978,2025/6/17 14:49
1,1,1750270194,2025/6/18 11:09
47,1,1750270217,2025/6/18 11:10
47,0,1750271075,2025/6/18 11:24
47,1,1750274510,2025/6/18 12:21
1,1,1750274793,2025/6/18 12:26
1,0,1750274907,2025/6/18 12:28
1,0,1750274930,2025/6/18 12:28
1,1,1750275048,2025/6/18 12:30
1,1,1750275113,2025/6/18 12:31
1,0,1750277061,2025/6/18 13:04
1,0,1750277069,2025/6/18 13:04
1,0,1750277072,2025/6/18 13:04
1,1,1750277274,2025/6/18 13:07
1,1,1750277281,2025/6/18 13:08
3,0,1750277351,2025/6/18 13:09
1,0,1750277355,2025/6/18 13:09
1,0,1750277372,2025/6/18 13:09
1,0,1750277382,2025/6/18 13:09
1,1,1750277401,2025/6/18 13:10
47,0,1750277734,2025/6/18 13:15
1,0,1750277816,2025/6/18 13:16
3,0,1750277829,2025/6/18 13:17
1,1,1750277861,2025/6/18 13:17
1,1,1750277873,2025/6/18 13:17
1,1,1750277879,2025/6/18 13:17
49,0,1750277931,2025/6/18 13:18
1,0,1750277940,2025/6/18 13:19
3,1,1750277959,2025/6/18 13:19
1,1,1750277962,2025/6/18 13:19
47,0,1750278035,2025/6/18 13:20
1,1,1750278072,2025/6/18 13:21
1,0,1750278123,2025/6/18 13:22
1,0,1750278131,2025/6/18 13:22
1,1,1750278144,2025/6/18 13:22
1,1,1750278162,2025/6/18 13:22
47,0,1750278172,2025/6/18 13:22
47,0,1750278173,2025/6/18 13:22
1,0,1750278215,2025/6/18 13:23
1,0,1750278226,2025/6/18 13:23
3,0,1750278237,2025/6/18 13:23
1,0,1750278244,2025/6/18 13:24
47,1,1750278275,2025/6/18 13:24
1,1,1750278286,2025/6/18 13:24
3,1,1750278720,2025/6/18 13:32
47,1,1750278740,2025/6/18 13:32
1,1,1750280246,2025/6/18 13:57
1,1,1750280298,2025/6/18 13:58
1,1,1750280317,2025/6/18 13:58
1,0,1750280760,2025/6/18 14:06
1,0,1750280765,2025/6/18 14:06
47,1,1750280834,2025/6/18 14:07
1,0,1750281003,2025/6/18 14:10
1,1,1750281356,2025/6/18 14:15
1,0,1750282093,2025/6/18 14:28
1,1,1750282401,2025/6/18 14:33
1,0,1750283971,2025/6/18 14:59
1,0,1750283979,2025/6/18 14:59
1,1,1750283989,2025/6/18 14:59
1,1,1750283994,2025/6/18 14:59
1,0,1750284007,2025/6/18 15:00
1,1,1750284014,2025/6/18 15:00
47,0,1750284548,2025/6/18 15:09
1,0,1750284557,2025/6/18 15:09
1,1,1750284610,2025/6/18 15:10
1,1,1750284613,2025/6/18 15:10
47,1,1750284618,2025/6/18 15:10
1,1,1750303742,2025/6/18 20:29
1,0,1750304100,2025/6/18 20:35
1,0,1750304107,2025/6/18 20:35
47,0,1750304118,2025/6/18 20:35
47,1,1750304259,2025/6/18 20:37
1,1,1750304611,2025/6/18 20:43
1,0,1750307134,2025/6/18 21:25
1,0,1750307137,2025/6/18 21:25
1,0,1750307164,2025/6/18 21:26
1,0,1750307169,2025/6/18 21:26
1,1,1750307191,2025/6/18 21:26
1,1,1750307255,2025/6/18 21:27
1,0,1750307264,2025/6/18 21:27
1,0,1750307271,2025/6/18 21:27
1,1,1750307281,2025/6/18 21:28
1,1,1750307282,2025/6/18 21:28
3,1,1750307452,2025/6/18 21:30
47,1,1750307478,2025/6/18 21:31
1,0,1750307725,2025/6/18 21:35
47,0,1750307727,2025/6/18 21:35
1,0,1750307868,2025/6/18 21:37
1,1,1750307887,2025/6/18 21:38
47,0,1750358839,2025/6/19 11:47
47,0,1750358840,2025/6/19 11:47
1,1,1750361318,2025/6/19 12:28
47,1,1750361490,2025/6/19 12:31
1,0,1750364010,2025/6/19 13:13
1,1,1750364160,2025/6/19 13:16
47,1,1750364162,2025/6/19 13:16
1,0,1750364173,2025/6/19 13:16
1,1,1750364179,2025/6/19 13:16
1,0,1750364201,2025/6/19 13:16
1,1,1750364204,2025/6/19 13:16
1,1,1750364236,2025/6/19 13:17
1,0,1750364285,2025/6/19 13:18
1,0,1750364298,2025/6/19 13:18
47,1,1750364325,2025/6/19 13:18
1,0,1750364480,2025/6/19 13:21
1,1,1750364550,2025/6/19 13:22
1,0,1750366098,2025/6/19 13:48
1,0,1750366127,2025/6/19 13:48
1,1,1750366137,2025/6/19 13:48
1,0,1750394337,2025/6/19 21:38
1,1,1750394350,2025/6/19 21:39
1,1,1750394370,2025/6/19 21:39
1,0,1750394385,2025/6/19 21:39
1,1,1750394398,2025/6/19 21:39
1,1,1750394403,2025/6/19 21:40
1,1,1750394416,2025/6/19 21:40
1,0,1750394503,2025/6/19 21:41
1,0,1750394514,2025/6/19 21:41
1,0,1750394536,2025/6/19 21:42
1,0,1750394557,2025/6/19 21:42
1,1,1750394569,2025/6/19 21:42
1,1,1750394580,2025/6/19 21:43
3,1,1750394594,2025/6/19 21:43
1,1,1750394599,2025/6/19 21:43
1,1,1750394641,2025/6/19 21:44
1,0,1750394754,2025/6/19 21:45
1,0,1750394761,2025/6/19 21:46
1,0,1750394768,2025/6/19 21:46
1,0,1750395083,2025/6/19 21:51
1,1,1750395109,2025/6/19 21:51
1,1,1750395113,2025/6/19 21:51
1,1,1750442130,2025/6/20 10:55
1,1,1750442174,2025/6/20 10:56
1,0,1750442582,2025/6/20 11:03
1,0,1750442587,2025/6/20 11:03
1,1,1750442680,2025/6/20 11:04
1,1,1750442707,2025/6/20 11:05
1,1,1750442731,2025/6/20 11:05
1,0,1750442779,2025/6/20 11:06
1,1,1750442795,2025/6/20 11:06
1,0,1750442838,2025/6/20 11:07
47,0,1750442850,2025/6/20 11:07
1,1,1750442862,2025/6/20 11:07
1,1,1750442866,2025/6/20 11:07
1,1,1750442876,2025/6/20 11:07
1,0,1750442922,2025/6/20 11:08
1,0,1750442931,2025/6/20 11:08
1,0,1750442934,2025/6/20 11:08
49,1,1750442973,2025/6/20 11:09
1,1,1750442980,2025/6/20 11:09
1,1,1750442984,2025/6/20 11:09
1,1,1750442988,2025/6/20 11:09
1,0,1750443002,2025/6/20 11:10
1,0,1750443015,2025/6/20 11:10
1,1,1750443041,2025/6/20 11:10
1,1,1750443053,2025/6/20 11:10
1,1,1750443235,2025/6/20 11:13
3,1,1750443241,2025/6/20 11:14
1,0,1750443281,2025/6/20 11:14
1,1,1750444355,2025/6/20 11:32
1,1,1750444376,2025/6/20 11:32
1,0,1750444750,2025/6/20 11:39
1,0,1750444757,2025/6/20 11:39
1,0,1750444761,2025/6/20 11:39
47,0,1750444763,2025/6/20 11:39
1,0,1750444817,2025/6/20 11:40
1,0,1750444820,2025/6/20 11:40
1,1,1750444823,2025/6/20 11:40
1,1,1750444833,2025/6/20 11:40
1,0,1750444866,2025/6/20 11:41
1,1,1750444902,2025/6/20 11:41
1,0,1750445553,2025/6/20 11:52
47,1,1750445577,2025/6/20 11:52
1,1,1750532545,2025/6/21 12:02
1,1,1750534279,2025/6/21 12:31
1,1,1750534322,2025/6/21 12:32
1,1,1750534881,2025/6/21 12:41
49,0,1750535203,2025/6/21 12:46
1,0,1750535211,2025/6/21 12:46
1,0,1750535217,2025/6/21 12:46
1,0,1750535226,2025/6/21 12:47
49,0,1750535235,2025/6/21 12:47
49,1,1750535237,2025/6/21 12:47
1,0,1750535243,2025/6/21 12:47
1,1,1750535248,2025/6/21 12:47
1,0,1750535265,2025/6/21 12:47
1,1,1750535271,2025/6/21 12:47
1,1,1750535283,2025/6/21 12:48
1,1,1750541541,2025/6/21 14:32
1,1,1750541552,2025/6/21 14:32
1,0,1750541690,2025/6/21 14:34
1,0,1750541695,2025/6/21 14:34
1,1,1750541711,2025/6/21 14:35
1,0,1750541785,2025/6/21 14:36
47,1,1750541799,2025/6/21 14:36
1,1,1750541822,2025/6/21 14:37
1,0,1750541827,2025/6/21 14:37
1,1,1750541838,2025/6/21 14:37
1,0,1750542503,2025/6/21 14:48
1,1,1750542569,2025/6/21 14:49
1,0,1750542701,2025/6/21 14:51
1,1,1750542764,2025/6/21 14:52
1,0,1750542803,2025/6/21 14:53
1,1,1750542830,2025/6/21 14:53
3,1,1750542861,2025/6/21 14:54
1,1,1750542862,2025/6/21 14:54
1,1,1750887923,2025/6/25 14:45
1,0,1750887959,2025/6/25 14:45
1,0,1750887972,2025/6/25 14:46
1,1,1750888002,2025/6/25 14:46
1,1,1750888023,2025/6/25 14:47
1,1,1750888122,2025/6/25 14:48
1,0,1750888162,2025/6/25 14:49
1,1,1750888263,2025/6/25 14:51
3,1,1750888263,2025/6/25 14:51
49,1,1750888288,2025/6/25 14:51
1,0,1750888986,2025/6/25 15:03
1,1,1750889001,2025/6/25 15:03
1,1,1750889179,2025/6/25 15:06
1,0,1750889192,2025/6/25 15:06
1,0,1750889628,2025/6/25 15:13
1,1,1750889633,2025/6/25 15:13
1,1,1750905221,2025/6/25 19:33
1,1,1750905226,2025/6/25 19:33
1,0,1750905284,2025/6/25 19:34
1,1,1750909231,2025/6/25 20:40
1,1,1750909236,2025/6/25 20:40
1,1,1750910005,2025/6/25 20:53
1,1,1750910104,2025/6/25 20:55
1,0,1750910740,2025/6/25 21:05
1,0,1750910751,2025/6/25 21:05
47,1,1750910822,2025/6/25 21:07
1,1,1750910829,2025/6/25 21:07
1,1,1750910838,2025/6/25 21:07
1,1,1750910868,2025/6/25 21:07
47,0,1750910888,2025/6/25 21:08
1,0,1750910898,2025/6/25 21:08
1,0,1750910905,2025/6/25 21:08
1,1,1750910921,2025/6/25 21:08
47,1,1750910932,2025/6/25 21:08
1,1,1750911087,2025/6/25 21:11
1,0,1750912936,2025/6/25 21:42
1,0,1750912939,2025/6/25 21:42
1,0,1750912943,2025/6/25 21:42
1,1,1750912953,2025/6/25 21:42
1,0,1750913273,2025/6/25 21:47
1,1,1750913661,2025/6/25 21:54
1,1,1750955478,2025/6/26 9:31
47,1,1750955484,2025/6/26 9:31
47,0,1750955622,2025/6/26 9:33
47,1,1750960486,2025/6/26 10:54
1,0,1750964502,2025/6/26 12:01
1,0,1750964531,2025/6/26 12:02
1,1,1750964561,2025/6/26 12:02
1,0,1750964586,2025/6/26 12:03
1,0,1750964595,2025/6/26 12:03
1,1,1750964617,2025/6/26 12:03
1,0,1750964669,2025/6/26 12:04
1,1,1750964695,2025/6/26 12:04
1,1,1750964728,2025/6/26 12:05
1,0,1750964749,2025/6/26 12:05
1,1,1750964751,2025/6/26 12:05
1,0,1750964759,2025/6/26 12:05
1,0,1750964769,2025/6/26 12:06
1,1,1750964782,2025/6/26 12:06
1,1,1750964791,2025/6/26 12:06
1,1,1750964818,2025/6/26 12:06
1,0,1750964820,2025/6/26 12:07
1,1,1750964828,2025/6/26 12:07
1,0,1750964860,2025/6/26 12:07
1,1,1750964862,2025/6/26 12:07
1,1,1750964867,2025/6/26 12:07
1,0,1750964905,2025/6/26 12:08
1,1,1750964920,2025/6/26 12:08
1,0,1750964933,2025/6/26 12:08
1,1,1750964941,2025/6/26 12:09
1,1,1750964953,2025/6/26 12:09
1,1,1750964959,2025/6/26 12:09
1,0,1750964961,2025/6/26 12:09
1,1,1750965052,2025/6/26 12:10
1,1,1750965060,2025/6/26 12:11
47,1,1750965083,2025/6/26 12:11
47,0,1750965095,2025/6/26 12:11
1,0,1750965108,2025/6/26 12:11
1,1,1750965120,2025/6/26 12:12
1,0,1750965157,2025/6/26 12:12
1,1,1750965206,2025/6/26 12:13
1,1,1750965239,2025/6/26 12:13
1,1,1750965245,2025/6/26 12:14
1,0,1750965255,2025/6/26 12:14
1,0,1750965260,2025/6/26 12:14
1,1,1750965271,2025/6/26 12:14
1,1,1750965418,2025/6/26 12:16
1,1,1750965421,2025/6/26 12:17
1,1,1750965427,2025/6/26 12:17
1,0,1750965432,2025/6/26 12:17
1,1,1750965436,2025/6/26 12:17
1,1,1750965445,2025/6/26 12:17
1,1,1750965448,2025/6/26 12:17
47,0,1750965448,2025/6/26 12:17
1,1,1750965451,2025/6/26 12:17
1,0,1750965453,2025/6/26 12:17
1,0,1750965470,2025/6/26 12:17
1,0,1750965474,2025/6/26 12:17
1,0,1750965482,2025/6/26 12:18
1,1,1750965500,2025/6/26 12:18
1,1,1750965505,2025/6/26 12:18
1,0,1750965509,2025/6/26 12:18
1,1,1750965510,2025/6/26 12:18
47,0,1750965516,2025/6/26 12:18
1,1,1750965516,2025/6/26 12:18
1,1,1750972502,2025/6/26 14:15
1,1,1750972510,2025/6/26 14:15
1,1,1750972576,2025/6/26 14:16
1,0,1750972607,2025/6/26 14:16
1,0,1750972621,2025/6/26 14:17
1,1,1750972634,2025/6/26 14:17
1,1,1750972640,2025/6/26 14:17
1,1,1750972646,2025/6/26 14:17
1,0,1750972679,2025/6/26 14:17
1,1,1750972685,2025/6/26 14:18
1,1,1750972691,2025/6/26 14:18
1,1,1750972695,2025/6/26 14:18
1,0,1750972869,2025/6/26 14:21
1,0,1750972874,2025/6/26 14:21
3,0,1750972886,2025/6/26 14:21
1,1,1750973018,2025/6/26 14:23
1,1,1750973028,2025/6/26 14:23
1,0,1750973507,2025/6/26 14:31
1,1,1750973518,2025/6/26 14:31
1,1,1750973520,2025/6/26 14:32
1,0,1750973694,2025/6/26 14:34
1,1,1750973720,2025/6/26 14:35
1,0,1750973721,2025/6/26 14:35
1,0,1750973730,2025/6/26 14:35
1,1,1750973741,2025/6/26 14:35
1,1,1750973748,2025/6/26 14:35
1,0,1750973754,2025/6/26 14:35
1,0,1750973757,2025/6/26 14:35
1,1,1750979228,2025/6/26 16:07
1,1,1750990099,2025/6/26 19:08
1,1,1750990102,2025/6/26 19:08
43,0,1750990202,2025/6/26 19:10
1,1,1750990223,2025/6/26 19:10
1,1,1750990232,2025/6/26 19:10
3,0,1750990234,2025/6/26 19:10
1,1,1750990236,2025/6/26 19:10
1,0,1750990245,2025/6/26 19:10
1,1,1750990260,2025/6/26 19:11
1,1,1750990265,2025/6/26 19:11
1,1,1750990270,2025/6/26 19:11
1,0,1750990296,2025/6/26 19:11
1,1,1750990395,2025/6/26 19:13
1,1,1750993393,2025/6/26 20:03
47,1,1750993414,2025/6/26 20:03
47,0,1750993453,2025/6/26 20:04
1,1,1750993475,2025/6/26 20:04
1,0,1750994074,2025/6/26 20:14
1,0,1750994076,2025/6/26 20:14
1,0,1750994083,2025/6/26 20:14
47,1,1750994105,2025/6/26 20:15
1,1,1750995091,2025/6/26 20:31
1,1,1750995108,2025/6/26 20:31
1,1,1750995131,2025/6/26 20:32
1,1,1750995469,2025/6/26 20:37
1,1,1750995474,2025/6/26 20:37
1,1,1750995497,2025/6/26 20:38
1,1,1750995503,2025/6/26 20:38
1,1,1750995511,2025/6/26 20:38
1,0,1750996201,2025/6/26 20:50
1,0,1750996212,2025/6/26 20:50
1,0,1750996219,2025/6/26 20:50
1,0,1750996224,2025/6/26 20:50
1,0,1750996229,2025/6/26 20:50
1,0,1750996236,2025/6/26 20:50
47,0,1750996242,2025/6/26 20:50
1,1,1750996261,2025/6/26 20:51
1,1,1750996265,2025/6/26 20:51
1,0,1750998180,2025/6/26 21:23
1,0,1750998191,2025/6/26 21:23
1,0,1750998201,2025/6/26 21:23
1,1,1750998294,2025/6/26 21:24
1,0,1750998363,2025/6/26 21:26
1,0,1750998380,2025/6/26 21:26
1,0,1750998394,2025/6/26 21:26
1,0,1750998401,2025/6/26 21:26
1,1,1750998453,2025/6/26 21:27
1,1,1750998479,2025/6/26 21:27
47,0,1750998510,2025/6/26 21:28
1,0,1750998626,2025/6/26 21:30
1,0,1750998977,2025/6/26 21:36
1,1,1750998990,2025/6/26 21:36
1,0,1750999074,2025/6/26 21:37
1,1,1751007331,2025/6/26 23:55
1,1,1751007370,2025/6/26 23:56
1,0,1751038850,2025/6/27 8:40
1,0,1751074592,2025/6/27 18:36
1,0,1751074599,2025/6/27 18:36
1,1,1751074606,2025/6/27 18:36
1,1,1751128069,2025/6/28 9:27
1,0,1751128085,2025/6/28 9:28
1,1,1751129812,2025/6/28 9:56
1,1,1751152882,2025/6/28 16:21
1,1,1751152889,2025/6/28 16:21
1,1,1751293562,2025/6/30 7:26
1,0,1751293698,2025/6/30 7:28
1,0,1751293707,2025/6/30 7:28
1,0,1751293722,2025/6/30 7:28
1,1,1751293751,2025/6/30 7:29
1,1,1751293844,2025/6/30 7:30
1,1,1751397599,2025/7/1 12:19
1,1,1751397610,2025/7/1 12:20
1,1,1751397672,2025/7/1 12:21
47,0,1751397768,2025/7/1 12:22
1,0,1751397780,2025/7/1 12:23
1,0,1751397783,2025/7/1 12:23
1,1,1751397797,2025/7/1 12:23
1,1,1751397812,2025/7/1 12:23
1,1,1751397822,2025/7/1 12:23
1,0,1751397841,2025/7/1 12:24
1,1,1751397850,2025/7/1 12:24
50,0,1751398068,2025/7/1 12:27
3,0,1751398212,2025/7/1 12:30
1,1,1751406510,2025/7/1 14:48
1,1,1751406534,2025/7/1 14:48
1,0,1751406535,2025/7/1 14:48
1,0,1751406540,2025/7/1 14:49
1,0,1751406546,2025/7/1 14:49
1,0,1751406611,2025/7/1 14:50
1,1,1751406628,2025/7/1 14:50
1,1,1751406631,2025/7/1 14:50
1,1,1751406642,2025/7/1 14:50
1,0,1751406665,2025/7/1 14:51
1,0,1751406673,2025/7/1 14:51
1,1,1751406793,2025/7/1 14:53
1,1,1751406799,2025/7/1 14:53
1,1,1751407544,2025/7/1 15:05
1,1,1751407547,2025/7/1 15:05
1,1,1751407551,2025/7/1 15:05
1,0,1751407557,2025/7/1 15:05
1,0,1751407567,2025/7/1 15:06
1,1,1751407568,2025/7/1 15:06
1,0,1751407587,2025/7/1 15:06
1,1,1751407602,2025/7/1 15:06
1,1,1751407621,2025/7/1 15:07
47,1,1751407634,2025/7/1 15:07
1,1,1751407655,2025/7/1 15:07
1,1,1751407693,2025/7/1 15:08
1,0,1751408146,2025/7/1 15:15
1,1,1751412682,2025/7/1 16:31
1,1,1751412685,2025/7/1 16:31
1,0,1751412705,2025/7/1 16:31
1,1,1751412713,2025/7/1 16:31
1,0,1751412715,2025/7/1 16:31
1,1,1751412721,2025/7/1 16:32
1,0,1751412725,2025/7/1 16:32
1,1,1751412726,2025/7/1 16:32
1,1,1751412740,2025/7/1 16:32
50,1,1751412841,2025/7/1 16:34
50,0,1751490234,2025/7/2 14:03
47,0,1751570003,2025/7/3 12:13
47,1,1751571404,2025/7/3 12:36
1,0,1751572360,2025/7/3 12:52
1,0,1751572394,2025/7/3 12:53
47,0,1751573649,2025/7/3 13:14
47,1,1751578727,2025/7/3 14:38
47,0,1751579630,2025/7/3 14:53
1,0,1751579640,2025/7/3 14:54
1,1,1751579673,2025/7/3 14:54
1,1,1751579676,2025/7/3 14:54
1,0,1751579895,2025/7/3 14:58
1,0,1751579963,2025/7/3 14:59
1,1,1751580104,2025/7/3 15:01
1,1,1751580431,2025/7/3 15:07
1,0,1751581059,2025/7/3 15:17
1,0,1751581111,2025/7/3 15:18
1,0,1751679342,2025/7/4 18:35
1,0,1751679352,2025/7/4 18:35
1,0,1751679367,2025/7/4 18:36
1,0,1751679422,2025/7/4 18:37
1,1,1751688402,2025/7/4 21:06
3,1,1751688413,2025/7/4 21:06
1,1,1751688415,2025/7/4 21:06
1,1,1751688429,2025/7/4 21:07
1,1,1751688443,2025/7/4 21:07
1,0,1751689234,2025/7/4 21:20
47,0,1751689236,2025/7/4 21:20
1,0,1751689244,2025/7/4 21:20
47,1,1751689296,2025/7/4 21:21
47,1,1751689300,2025/7/4 21:21
1,1,1751689380,2025/7/4 21:23
1,0,1751689672,2025/7/4 21:27
1,1,1751689810,2025/7/4 21:30
1,1,1751690381,2025/7/4 21:39
1,1,1751690386,2025/7/4 21:39
1,1,1751690390,2025/7/4 21:39
1,1,1751690393,2025/7/4 21:39
47,0,1751690442,2025/7/4 21:40
1,0,1751690458,2025/7/4 21:40
1,1,1751690485,2025/7/4 21:41
1,1,1751690498,2025/7/4 21:41
1,0,1751690809,2025/7/4 21:46
3,0,1751690813,2025/7/4 21:46
1,0,1751690823,2025/7/4 21:47
1,1,1751690825,2025/7/4 21:47
1,1,1751690838,2025/7/4 21:47
1,0,1751690871,2025/7/4 21:47
1,0,1751690881,2025/7/4 21:48
50,1,1751739747,2025/7/5 11:22
50,0,1751746372,2025/7/5 13:12
1,1,1751776498,2025/7/5 21:34
1,1,1751776502,2025/7/5 21:35
3,1,1751776507,2025/7/5 21:35
3,1,1751777621,2025/7/5 21:53
50,1,1751779457,2025/7/5 22:24
1,1,1751833705,2025/7/6 13:28
1,1,1751833715,2025/7/6 13:28
1,0,1751833734,2025/7/6 13:28
1,0,1751833741,2025/7/6 13:29
1,0,1751833756,2025/7/6 13:29
47,0,1751833759,2025/7/6 13:29
1,1,1751833813,2025/7/6 13:30
1,1,1751833821,2025/7/6 13:30
1,1,1751833828,2025/7/6 13:30
1,1,1751833855,2025/7/6 13:30
1,1,1751833860,2025/7/6 13:31
1,0,1751834043,2025/7/6 13:34
1,0,1751834049,2025/7/6 13:34
1,1,1752473400,2025/7/13 23:10
1,0,1752473410,2025/7/13 23:10
1,1,1752473427,2025/7/13 23:10
1,0,1752473441,2025/7/13 23:10
1,1,1752473459,2025/7/13 23:10
1,1,1752473461,2025/7/13 23:11
1,1,1752473469,2025/7/13 23:11
1,1,1752473472,2025/7/13 23:11
1,1,1752473476,2025/7/13 23:11
1,1,1752473541,2025/7/13 23:12
1,1,1752473558,2025/7/13 23:12
1,0,1752473619,2025/7/13 23:13
1,1,1752512062,2025/7/14 9:54
1,1,1752513052,2025/7/14 10:10
1,0,1752513193,2025/7/14 10:13
1,1,1752518674,2025/7/14 11:44
1,0,1752518687,2025/7/14 11:44
1,1,1752518698,2025/7/14 11:44
1,1,1752519057,2025/7/14 11:50
1,1,1752519076,2025/7/14 11:51
47,0,1752519199,2025/7/14 11:53
1,1,1752538754,2025/7/14 17:19
47,0,1752609632,2025/7/15 13:00
1,1,1755809894,2025/8/21 13:58
1,1,1755809907,2025/8/21 13:58
1,0,1755809985,2025/8/21 13:59
1,1,1755809995,2025/8/21 13:59
47,0,1755809998,2025/8/21 13:59
47,0,1755810007,2025/8/21 14:00
47,1,1755810013,2025/8/21 14:00
1,0,1755810016,2025/8/21 14:00
1,0,1755810022,2025/8/21 14:00
1,0,1755810026,2025/8/21 14:00
1,1,1755810036,2025/8/21 14:00
47,1,1755810049,2025/8/21 14:00
1,0,1755810258,2025/8/21 14:04
1,0,1755810264,2025/8/21 14:04
10000,1,1755810278,2025/8/21 14:04
1,1,1755810306,2025/8/21 14:05
1,0,1755810849,2025/8/21 14:14
1,0,1755810863,2025/8/21 14:14
1,1,1755810908,2025/8/21 14:15
1,1,1755810917,2025/8/21 14:15
1,0,1755810977,2025/8/21 14:16
47,0,1755810985,2025/8/21 14:16
1,0,1755810996,2025/8/21 14:16
1,0,1755811003,2025/8/21 14:16
1,1,1755811093,2025/8/21 14:18
1,0,1755811211,2025/8/21 14:20
1,0,1755811578,2025/8/21 14:26
1,0,1755811600,2025/8/21 14:26
1,1,1755811610,2025/8/21 14:26
1,1,1755811625,2025/8/21 14:27
1,0,1755811655,2025/8/21 14:27
1,0,1755811664,2025/8/21 14:27
1,0,1755811667,2025/8/21 14:27
1,0,1755811680,2025/8/21 14:28
1,1,1755811688,2025/8/21 14:28
1,0,1755811693,2025/8/21 14:28
3,1,1755832124,2025/8/21 20:08
3,1,1755832163,2025/8/21 20:09
3,1,1755832167,2025/8/21 20:09
3,1,1755832175,2025/8/21 20:09
3,1,1755832181,2025/8/21 20:09
3,1,1755832187,2025/8/21 20:09
3,1,1755832198,2025/8/21 20:09
3,1,1755832205,2025/8/21 20:10
3,1,1755832221,2025/8/21 20:10
3,1,1755832228,2025/8/21 20:10
3,1,1755832247,2025/8/21 20:10
3,1,1755832300,2025/8/21 20:11
3,1,1755832326,2025/8/21 20:12
3,1,1755832348,2025/8/21 20:12
3,1,1755832368,2025/8/21 20:12
1,0,1755832399,2025/8/21 20:13
3,1,1755832415,2025/8/21 20:13
3,1,1755832427,2025/8/21 20:13
3,1,1755832447,2025/8/21 20:14
1,1,1755832554,2025/8/21 20:15
1,1,1755832576,2025/8/21 20:16
1,0,1755832634,2025/8/21 20:17
47,0,1755832637,2025/8/21 20:17
49,1,1755832760,2025/8/21 20:19
1,1,1755834505,2025/8/21 20:48
1,1,1755834508,2025/8/21 20:48
1,1,1755834517,2025/8/21 20:48
1,0,1755834919,2025/8/21 20:55
1,0,1755834939,2025/8/21 20:55
1,1,1755835176,2025/8/21 20:59
3,1,1755835195,2025/8/21 20:59
1,1,1755835200,2025/8/21 21:00
1,0,1755835252,2025/8/21 21:00
1,1,1755835253,2025/8/21 21:00
1,1,1755835267,2025/8/21 21:01
1,0,1755835276,2025/8/21 21:01
1,0,1755835278,2025/8/21 21:01
1,0,1755835286,2025/8/21 21:01
1,0,1755835289,2025/8/21 21:01
3,0,1755835906,2025/8/21 21:11
1,0,1755835911,2025/8/21 21:11
1,0,1755835921,2025/8/21 21:12
1,1,1755835999,2025/8/21 21:13
1,1,1755837559,2025/8/21 21:39
1,1,1755838062,2025/8/21 21:47
1,0,1755838399,2025/8/21 21:53
1,0,1755838410,2025/8/21 21:53
1,0,1755838413,2025/8/21 21:53
1,1,1755838921,2025/8/21 22:02
1,1,1755838936,2025/8/21 22:02
1,1,1755838944,2025/8/21 22:02
1,0,1755839017,2025/8/21 22:03
1,0,1755839051,2025/8/21 22:04
49,1,1755839378,2025/8/21 22:09
1,1,1755839411,2025/8/21 22:10
1,1,1755839416,2025/8/21 22:10
1,1,1755839432,2025/8/21 22:10
1,0,1755839517,2025/8/21 22:11
1,1,1755839548,2025/8/21 22:12
1,1,1755839558,2025/8/21 22:12
1,0,1755839598,2025/8/21 22:13
1,1,1756676579,2025/8/31 14:42
1,0,1756677090,2025/8/31 14:51
1,1,1756677151,2025/8/31 14:52
1,1,1756679031,2025/8/31 15:23
1,0,1756679478,2025/8/31 15:31
1,0,1756679526,2025/8/31 15:32
1,1,1756679560,2025/8/31 15:32
1,1,1756679571,2025/8/31 15:32
1,1,1756679586,2025/8/31 15:33
1,1,1756679623,2025/8/31 15:33
1,0,1756681179,2025/8/31 15:59
1,1,1756681745,2025/8/31 16:09
1,1,1756681758,2025/8/31 16:09
1,0,1756681810,2025/8/31 16:10
49,0,1756681830,2025/8/31 16:10
1,1,1756681845,2025/8/31 16:10
1,0,1756681945,2025/8/31 16:12
1,1,1756682008,2025/8/31 16:13
1,1,1756682019,2025/8/31 16:13
1,0,1756682032,2025/8/31 16:13
1,0,1756682062,2025/8/31 16:14
1,1,1756684918,2025/8/31 17:01
1,1,1756688148,2025/8/31 17:55
1,0,1756688186,2025/8/31 17:56
47,1,1756688198,2025/8/31 17:56
1,1,1756701451,2025/8/31 21:37
1,0,1756701457,2025/8/31 21:37
1,1,1756701460,2025/8/31 21:37
1,0,1756701471,2025/8/31 21:37
1,0,1756701474,2025/8/31 21:37
47,1,1756701508,2025/8/31 21:38
3,0,1756701820,2025/8/31 21:43
1,1,1756701838,2025/8/31 21:43
1,0,1756702515,2025/8/31 21:55
1,0,1756702521,2025/8/31 21:55
1,1,1756702531,2025/8/31 21:55
3,1,1756752401,2025/9/1 11:46
3,1,1756752435,2025/9/1 11:47
10000,1,1756752443,2025/9/1 11:47
3,1,1756752452,2025/9/1 11:47
3,1,1756752480,2025/9/1 11:48
3,1,1756752517,2025/9/1 11:48
3,1,1756752564,2025/9/1 11:49
3,1,1756752579,2025/9/1 11:49
3,1,1756752633,2025/9/1 11:50
3,1,1756752660,2025/9/1 11:51
43,1,1756753090,2025/9/1 11:58
1,0,1756765343,2025/9/1 15:22
1,1,1756765579,2025/9/1 15:26
1,1,1756765582,2025/9/1 15:26
1,0,1756765801,2025/9/1 15:30
1,1,1756765810,2025/9/1 15:30
1,0,1756765828,2025/9/1 15:30
1,0,1756766055,2025/9/1 15:34
1,1,1756766091,2025/9/1 15:34
1,0,1756766261,2025/9/1 15:37
1,1,1756772911,2025/9/1 17:28
1,1,1756772914,2025/9/1 17:28
1,1,1756772920,2025/9/1 17:28
1,1,1756780823,2025/9/1 19:40
1,1,1756780870,2025/9/1 19:41
1,0,1756780887,2025/9/1 19:41
1,0,1756780893,2025/9/1 19:41
1,1,1756780899,2025/9/1 19:41
1,0,1756780931,2025/9/1 19:42
1,0,1756780940,2025/9/1 19:42
1,1,1756780988,2025/9/1 19:43
1,1,1756781002,2025/9/1 19:43
1,1,1756781042,2025/9/1 19:44
3,1,1756781051,2025/9/1 19:44
3,1,1756781070,2025/9/1 19:44
1,1,1756781082,2025/9/1 19:44
47,1,1756781091,2025/9/1 19:44
1,1,1756781150,2025/9/1 19:45
1,0,1756781150,2025/9/1 19:45
1,0,1756781156,2025/9/1 19:45
1,0,1756781172,2025/9/1 19:46
1,1,1756781177,2025/9/1 19:46
1,1,1756781196,2025/9/1 19:46
1,0,1756781204,2025/9/1 19:46
1,0,1756781208,2025/9/1 19:46
1,0,1756781220,2025/9/1 19:47
1,1,1756781226,2025/9/1 19:47
1,0,1756781234,2025/9/1 19:47
1,1,1756781238,2025/9/1 19:47
3,1,1756781254,2025/9/1 19:47
3,1,1756781254,2025/9/1 19:47
1,1,1756781267,2025/9/1 19:47
49,1,1756781283,2025/9/1 19:48
1,0,1756781302,2025/9/1 19:48
1,1,1756781321,2025/9/1 19:48
1,0,1756781348,2025/9/1 19:49
1,1,1756781354,2025/9/1 19:49
1,1,1756781369,2025/9/1 19:49
1,0,1756781370,2025/9/1 19:49
1,0,1756781382,2025/9/1 19:49
1,1,1756781384,2025/9/1 19:49
1,1,1756781391,2025/9/1 19:49
1,1,1756781397,2025/9/1 19:49
1,1,1756781412,2025/9/1 19:50
1,1,1756781465,2025/9/1 19:51
1,0,1756781623,2025/9/1 19:53
1,0,1756781633,2025/9/1 19:53
1,0,1756781654,2025/9/1 19:54
1,1,1756781683,2025/9/1 19:54
1,1,1756781697,2025/9/1 19:54
1,0,1756781866,2025/9/1 19:57
3,1,1756781871,2025/9/1 19:57
1,0,1756781886,2025/9/1 19:58
3,1,1756781903,2025/9/1 19:58
1,1,1756781903,2025/9/1 19:58
3,1,1756781930,2025/9/1 19:58
1,1,1756781930,2025/9/1 19:58
1,1,1756781961,2025/9/1 19:59
3,1,1756782045,2025/9/1 20:00
1,1,1756782045,2025/9/1 20:00
1,0,1756782203,2025/9/1 20:03
1,1,1756782234,2025/9/1 20:03
1,0,1756782238,2025/9/1 20:03
1,1,1756782250,2025/9/1 20:04
3,0,1756782284,2025/9/1 20:04
47,1,1756782333,2025/9/1 20:05
1,1,1756782337,2025/9/1 20:05
1,1,1756782339,2025/9/1 20:05
1,0,1756782365,2025/9/1 20:06
1,0,1756782377,2025/9/1 20:06
3,0,1756782447,2025/9/1 20:07
1,1,1756782463,2025/9/1 20:07
1,1,1756782481,2025/9/1 20:08
47,0,1756782523,2025/9/1 20:08
1,1,1756782971,2025/9/1 20:16
1,0,1756783065,2025/9/1 20:17
47,0,1756783082,2025/9/1 20:18
3,1,1756783158,2025/9/1 20:19
1,1,1756783158,2025/9/1 20:19
1,0,1756783177,2025/9/1 20:19
1,0,1756783181,2025/9/1 20:19
1,1,1756783195,2025/9/1 20:19
1,0,1756783271,2025/9/1 20:21
1,0,1756783278,2025/9/1 20:21
1,1,1756783288,2025/9/1 20:21
3,1,1756783687,2025/9/1 20:28
1,0,1756783750,2025/9/1 20:29
47,1,1756783765,2025/9/1 20:29
1,1,1756783782,2025/9/1 20:29
1,0,1756783829,2025/9/1 20:30
1,0,1756783834,2025/9/1 20:30
1,0,1756783844,2025/9/1 20:30
3,1,1756783868,2025/9/1 20:31
1,1,1756783868,2025/9/1 20:31
1,0,1756783958,2025/9/1 20:32
1,0,1756783967,2025/9/1 20:32
1,1,1756783988,2025/9/1 20:33
1,1,1756784003,2025/9/1 20:33
1,1,1756784010,2025/9/1 20:33
1,0,1756784331,2025/9/1 20:38
1,0,1756784338,2025/9/1 20:38
1,1,1756784981,2025/9/1 20:49
1,0,1756785007,2025/9/1 20:50
1,1,1756785025,2025/9/1 20:50
3,1,1756785034,2025/9/1 20:50
3,1,1756785044,2025/9/1 20:50
1,1,1756785067,2025/9/1 20:51
1,0,1756785102,2025/9/1 20:51
1,1,1756785106,2025/9/1 20:51
3,1,1756785179,2025/9/1 20:52
1,1,1756785222,2025/9/1 20:53
1,1,1756785235,2025/9/1 20:53
1,0,1756785238,2025/9/1 20:53
1,0,1756785270,2025/9/1 20:54
1,0,1756785671,2025/9/1 21:01
1,1,1756785709,2025/9/1 21:01
1,0,1756785768,2025/9/1 21:02
1,0,1756785959,2025/9/1 21:05
1,1,1756786007,2025/9/1 21:06
1,0,1756786038,2025/9/1 21:07
47,0,1756786043,2025/9/1 21:07
1,1,1756840836,2025/9/2 12:20
47,0,1756840854,2025/9/2 12:20
1,1,1756850246,2025/9/2 14:57
1,0,1756850377,2025/9/2 14:59
1,0,1756850393,2025/9/2 14:59
1,1,1756850413,2025/9/2 15:00
1,1,1756850418,2025/9/2 15:00
1,0,1756850449,2025/9/2 15:00
1,0,1756850455,2025/9/2 15:00
1,0,1756853289,2025/9/2 15:48
1,1,1756853565,2025/9/2 15:52
1,0,1756853588,2025/9/2 15:53
1,0,1756853672,2025/9/2 15:54
1,1,1756853911,2025/9/2 15:58
1,1,1756853912,2025/9/2 15:58
1,0,1756853959,2025/9/2 15:59
3,1,1756853972,2025/9/2 15:59
1,1,1756853975,2025/9/2 15:59
1,0,1756853992,2025/9/2 15:59
1,0,1756854001,2025/9/2 16:00
3,1,1756854005,2025/9/2 16:00
1,1,1756854011,2025/9/2 16:00
1,1,1756854030,2025/9/2 16:00
1,0,1756854241,2025/9/2 16:04
1,1,1756854250,2025/9/2 16:04
1,0,1756854501,2025/9/2 16:08
1,1,1756854722,2025/9/2 16:12
3,1,1756854728,2025/9/2 16:12
1,1,1756854734,2025/9/2 16:12
1,0,1756854741,2025/9/2 16:12
1,0,1756854745,2025/9/2 16:12
1,0,1756854778,2025/9/2 16:12
1,0,1756854783,2025/9/2 16:13
1,1,1756854786,2025/9/2 16:13
1,1,1756876733,2025/9/2 22:18
1,1,1756932614,2025/9/3 13:50
1,0,1756932768,2025/9/3 13:52
1,1,1756932833,2025/9/3 13:53
1,0,1756941138,2025/9/3 16:12
1,1,1756941347,2025/9/3 16:15
1,0,1756942634,2025/9/3 16:37
1,1,1756942673,2025/9/3 16:37
3,1,1757007100,2025/9/4 10:31
3,1,1757009733,2025/9/4 11:15
3,1,1757011401,2025/9/4 11:43
1,1,1757011413,2025/9/4 11:43
47,0,1757019008,2025/9/4 13:50
47,0,1757024614,2025/9/4 15:23
1,1,1757025133,2025/9/4 15:32
1,1,1757025149,2025/9/4 15:32
1,0,1757025173,2025/9/4 15:32
1,0,1757025176,2025/9/4 15:32
1,1,1757025180,2025/9/4 15:33
1,0,1757025193,2025/9/4 15:33
1,1,1757025202,2025/9/4 15:33
1,1,1757025208,2025/9/4 15:33
1,0,1757025324,2025/9/4 15:35
3,0,1757028864,2025/9/4 16:34
1,0,1757028877,2025/9/4 16:34
1,0,1757028883,2025/9/4 16:34
1,0,1757028910,2025/9/4 16:35
1,1,1757028920,2025/9/4 16:35
1,0,1757028931,2025/9/4 16:35
1,1,1757028946,2025/9/4 16:35
3,1,1757028956,2025/9/4 16:35
1,1,1757028961,2025/9/4 16:36
47,1,1757028967,2025/9/4 16:36
1,0,1757028970,2025/9/4 16:36
47,1,1757030110,2025/9/4 16:55
1,0,1757030312,2025/9/4 16:58
1,0,1757030324,2025/9/4 16:58
1,0,1757031421,2025/9/4 17:17
1,1,1757031497,2025/9/4 17:18
1,1,1757031517,2025/9/4 17:18
1,0,1757031590,2025/9/4 17:19
1,0,1757031594,2025/9/4 17:19
1,0,1757031635,2025/9/4 17:20
1,0,1757031647,2025/9/4 17:20
3,1,1757031653,2025/9/4 17:20
1,1,1757031663,2025/9/4 17:21
1,1,1757031665,2025/9/4 17:21
1,1,1757031671,2025/9/4 17:21
1,0,1757031697,2025/9/4 17:21
1,1,1757044518,2025/9/4 20:55
1,1,1757044525,2025/9/4 20:55
1,0,1757044673,2025/9/4 20:57
1,1,1757045805,2025/9/4 21:16
1,0,1757045952,2025/9/4 21:19
3,0,1757047775,2025/9/4 21:49
3,0,1757047776,2025/9/4 21:49
3,0,1757047778,2025/9/4 21:49
3,0,1757047780,2025/9/4 21:49
3,0,1757047781,2025/9/4 21:49
3,0,1757047782,2025/9/4 21:49
3,0,1757047784,2025/9/4 21:49
3,0,1757047793,2025/9/4 21:49
3,0,1757047795,2025/9/4 21:49
3,0,1757047796,2025/9/4 21:49
3,0,1757047798,2025/9/4 21:49
3,0,1757047800,2025/9/4 21:50
3,0,1757047803,2025/9/4 21:50
3,0,1757047804,2025/9/4 21:50
3,0,1757047806,2025/9/4 21:50
3,0,1757047808,2025/9/4 21:50
3,0,1757047809,2025/9/4 21:50
3,0,1757047811,2025/9/4 21:50
3,0,1757047813,2025/9/4 21:50
3,0,1757047815,2025/9/4 21:50
3,0,1757047817,2025/9/4 21:50
3,0,1757047822,2025/9/4 21:50
3,0,1757047823,2025/9/4 21:50
3,0,1757047825,2025/9/4 21:50
3,0,1757047827,2025/9/4 21:50
3,0,1757047828,2025/9/4 21:50
3,0,1757047830,2025/9/4 21:50
3,0,1757047832,2025/9/4 21:50
3,0,1757047833,2025/9/4 21:50
3,0,1757047835,2025/9/4 21:50
3,0,1757047837,2025/9/4 21:50
3,0,1757047838,2025/9/4 21:50
3,0,1757047840,2025/9/4 21:50
3,0,1757047842,2025/9/4 21:50
3,0,1757047844,2025/9/4 21:50
3,0,1757047845,2025/9/4 21:50
3,0,1757047847,2025/9/4 21:50
3,0,1757047849,2025/9/4 21:50
3,0,1757047851,2025/9/4 21:50
3,0,1757047853,2025/9/4 21:50
3,0,1757047856,2025/9/4 21:50
3,0,1757047858,2025/9/4 21:50
3,0,1757047860,2025/9/4 21:51
1,0,1757360604,2025/9/8 12:43
1,1,1757360619,2025/9/8 12:43
1,1,1757360623,2025/9/8 12:43
43,1,1757391048,2025/9/8 21:10
3,1,1757391049,2025/9/8 21:10
3,1,1757391051,2025/9/8 21:10
3,1,1757391053,2025/9/8 21:10
3,1,1757391055,2025/9/8 21:10
3,1,1757391058,2025/9/8 21:10
3,1,1757391060,2025/9/8 21:11
3,1,1757391063,2025/9/8 21:11
43,1,1757391064,2025/9/8 21:11
3,1,1757391066,2025/9/8 21:11
3,1,1757391069,2025/9/8 21:11
3,1,1757391072,2025/9/8 21:11
3,1,1757391074,2025/9/8 21:11
3,1,1757391077,2025/9/8 21:11
3,1,1757391079,2025/9/8 21:11
3,1,1757391083,2025/9/8 21:11
43,1,1757391086,2025/9/8 21:11
3,1,1757391086,2025/9/8 21:11
3,1,1757391091,2025/9/8 21:11
3,1,1757391094,2025/9/8 21:11
3,1,1757391097,2025/9/8 21:11
3,1,1757391099,2025/9/8 21:11
3,1,1757391102,2025/9/8 21:11
3,1,1757391105,2025/9/8 21:11
3,1,1757391109,2025/9/8 21:11
3,1,1757391112,2025/9/8 21:11
3,1,1757391116,2025/9/8 21:11
3,1,1757391119,2025/9/8 21:11
3,1,1757391123,2025/9/8 21:12
3,1,1757391127,2025/9/8 21:12
3,1,1757391130,2025/9/8 21:12
3,1,1757391132,2025/9/8 21:12
3,1,1757391344,2025/9/8 21:15
3,1,1757391349,2025/9/8 21:15
3,1,1757391352,2025/9/8 21:15
3,1,1757391355,2025/9/8 21:15
3,1,1757391360,2025/9/8 21:16
3,1,1757391364,2025/9/8 21:16
3,1,1757391378,2025/9/8 21:16
3,1,1757391397,2025/9/8 21:16
3,1,1757391790,2025/9/8 21:23
3,1,1757392074,2025/9/8 21:27
3,1,1757392078,2025/9/8 21:27
3,1,1757392082,2025/9/8 21:28
3,1,1757392086,2025/9/8 21:28
3,1,1757392221,2025/9/8 21:30
